order_id,order_date,region,category,quantity,unit_price,unit_cost
ORD-000001,2025-01-01,South,Office,2,19.42,16.32
ORD-000002,2025-01-01,North,Home,4,49.7,24.91
ORD-000003,2025-01-01,West,Technology,1,113.8,80.52
ORD-000004,2025-01-01,North,Technology,3,135.49,73.29
ORD-000005,2025-01-01,North,Home,5,37.15,26.1
ORD-000006,not-a-date,North,Technology,2,132.39,110.98
ORD-000007,2025-01-01,South,Office,4,20.0,12.73
ORD-000008,2025-01-01,North,Home,1,36.79,26.61
ORD-000009,2025-01-01,North,Technology,3,142.44,85.21
ORD-000010,2025-01-01,South,Home,1,44.45,22.31
ORD-000011,2025-01-01,West,Technology,-2,106.89,66.79
ORD-000012,2025-01-01,North,Technology,4,135.97,78.18
ORD-000013,2025-01-01,South,Technology,5,134.63,76.11
ORD-000014,2025-01-01,North,Office,1,19.31,10.23
ORD-000015,2025-01-01,East,Technology,4,133.77,97.93
ORD-000016,2025-01-01,North,Office,3,20.02,13.56
ORD-000017,2025-01-01,East,Home,3,38.06,24.3
ORD-000018,2025-01-02,North,Technology,3,126.47,85.2
ORD-000019,2025-01-02,West,Technology,2,97.48,52.23
ORD-000020,2025-01-02,South,Office,5,17.34,9.43
ORD-000021,2025-01-02,East,Technology,5,,78.27
ORD-000022,2025-01-02,North,Home,4,46.03,32.94
ORD-000023,2025-01-02,West,Office,2,20.26,9.3
ORD-000024,2025-01-02,South,Home,4,37.62,23.88
ORD-000025,2025-01-02,East,Technology,5,120.05,87.46
ORD-000026,2025-01-02,East,Home,2,44.03,25.12
ORD-000027,2025-01-02,North,Technology,5,113.37,56.37
ORD-000028,2025-01-02,West,Home,5,53.31,38.91
ORD-000029,2025-01-02,West,Office,2,21.38,15.75
ORD-000030,2025-01-02,North,Technology,2,117.57,57.44
ORD-000031,2025-01-02,  east  ,Office,4,17.68,10.12
ORD-000032,2025-01-02,North,Home,1,46.43,36.8
ORD-000033,2025-01-03,West,Office,1,18.92,13.43
ORD-000034,2025-01-03,South,Office,3,15.01,7.0
ORD-000035,2025-01-03,West,Home,4,41.94,20.61
ORD-000036,2025-01-03,South,Home,1,46.58,38.2
ORD-000037,2025-01-03,North,Technology,4,112.65,51.72
ORD-000038,2025-01-03,West,Office,3,21.3,16.25
ORD-000039,2025-01-03,East,Home,4,44.76,36.93
ORD-000040,2025-01-03,North,Office,3,18.52,10.31
ORD-000041,2025-01-03,West,Technology,5,120.99,55.49
ORD-000042,2025-01-03,East,Office,5,20.35,10.3
ORD-000043,2025-01-03,North,Home,4,37.95,21.35
ORD-000044,2025-01-03,North,Technology,4,127.65,96.69
ORD-000045,2025-01-03,East,Home,5,52.49,24.41
ORD-000046,2025-01-03,North,Home,2,45.99,35.96
ORD-000047,2025-01-03,South,Office,2,16.68,9.45
ORD-000048,2025-01-03,South,Technology,2,120.72,99.52
ORD-000049,2025-01-03,East,Home,2,36.81,31.18
ORD-000050,2025-01-04,East,Office,5,20.81,13.68
ORD-000051,2025-01-04,West,Office,2,19.96,11.97
ORD-000052,2025-01-04,North,Office,4,15.08,8.37
ORD-000053,2025-01-04,South,Home,1,40.34,31.56
ORD-000054,2025-01-04,North,Home,1,38.76,26.73
ORD-000055,2025-01-04,South,Technology,2,105.43,80.23
ORD-000056,2025-01-04,West,Home,3,53.49,27.15
ORD-000057,2025-01-04,East,Technology,2,107.02,77.17
ORD-000058,2025-01-04,West,Home,3,38.19,27.79
ORD-000059,2025-01-04,North,Technology,5,105.59,77.73
ORD-000060,2025-01-04,South,Technology,1,131.47,65.67
ORD-000061,2025-01-04,South,Office,5,17.26,11.14
ORD-000062,2025-01-04,West,Home,5,47.93,27.06
ORD-000063,2025-01-04,South,Technology,3,97.19,68.38
ORD-000064,2025-01-04,North,Office,1,15.16,9.36
ORD-000065,2025-01-04,South,Home,1,46.73,36.06
ORD-000066,2025-01-04,North,Technology,4,118.43,54.14
ORD-000067,2025-01-04,East,Office,2,20.37,11.06
ORD-000068,2025-01-04,South,Technology,4,121.48,96.83
ORD-000069,2025-01-05,West,Home,1,43.67,34.8
ORD-000070,2025-01-05,North,Office,2,17.67,9.62
ORD-000071,2025-01-05,North,Technology,5,135.2,64.44
ORD-000072,2025-01-05,West,Home,1,46.7,36.42
ORD-000073,2025-01-05,West,Home,5,38.59,19.92
ORD-000074,2025-01-05,North,Technology,1,109.67,54.42
ORD-000075,2025-01-05,East,Office,1,14.8,6.98
ORD-000076,2025-01-05,North,Home,4,46.64,28.33
ORD-000077,2025-01-05,West,Technology,4,120.22,95.03
ORD-000078,2025-01-05,West,Technology,1,98.09,53.43
ORD-000079,2025-01-05,East,Home,5,46.28,21.74
ORD-000080,2025-01-05,South,Office,3,17.09,8.39
ORD-000081,2025-01-05,South,Home,3,36.94,18.09
ORD-000082,2025-01-05,South,Technology,5,136.49,114.9
ORD-000083,2025-01-05,South,Home,4,50.03,38.1
ORD-000084,2025-01-06,South,Office,5,18.1,11.5
ORD-000085,2025-01-06,West,Technology,2,126.7,64.1
ORD-000086,2025-01-06,East,Home,3,44.6,24.22
ORD-000087,2025-01-06,West,Office,4,17.04,10.25
ORD-000088,2025-01-06,East,Home,2,48.34,40.1
ORD-000089,2025-01-06,South,Technology,4,119.08,79.09
ORD-000090,2025-01-06,West,Home,4,51.27,39.57
ORD-000091,2025-01-06,North,Office,1,18.96,14.11
ORD-000092,2025-01-06,North,Home,4,39.64,31.49
ORD-000093,2025-01-07,East,Office,3,19.63,16.18
ORD-000094,2025-01-07,South,Home,5,38.47,29.64
ORD-000095,2025-01-07,North,Office,5,20.03,16.59
ORD-000096,2025-01-07,North,Technology,3,108.16,52.78
ORD-000097,2025-01-07,North,Office,1,15.63,10.61
ORD-000098,2025-01-07,North,Office,3,17.76,13.42
ORD-000099,2025-01-07,South,Technology,2,119.62,98.39
ORD-000100,2025-01-07,South,Office,1,15.26,7.4
ORD-000101,2025-01-07,North,Office,5,17.41,12.51
ORD-000102,2025-01-08,North,Technology,2,132.6,78.99
ORD-000103,2025-01-08,West,Office,5,15.53,12.8
ORD-000104,2025-01-08,North,Home,2,43.88,32.55
ORD-000105,2025-01-08,North,Home,2,52.85,33.92
ORD-000106,2025-01-08,North,Technology,5,114.07,84.08
ORD-000107,2025-01-08,South,Technology,2,101.69,71.67
ORD-000108,2025-01-08,West,Technology,3,101.85,73.78
ORD-000109,2025-01-08,East,Office,4,17.67,10.04
ORD-000110,2025-01-08,West,Technology,3,118.01,67.36
ORD-000111,2025-01-08,South,Office,3,20.03,17.0
ORD-000112,2025-01-08,North,Home,2,51.83,40.67
ORD-000113,2025-01-08,East,Home,1,53.98,38.33
ORD-000114,2025-01-09,East,Office,1,14.44,10.0
ORD-000115,2025-01-09,South,Technology,2,107.45,50.81
ORD-000116,2025-01-09,South,Technology,5,134.45,102.03
ORD-000117,2025-01-09,North,Technology,3,136.22,72.29
ORD-000118,2025-01-09,North,Home,3,38.25,28.61
ORD-000119,2025-01-09,North,Office,3,20.53,15.27
ORD-000120,2025-01-09,East,Home,2,39.47,28.97
ORD-000121,2025-01-09,South,Office,3,18.8,13.09
ORD-000122,2025-01-09,East,Home,5,36.76,26.98
ORD-000123,2025-01-09,East,Office,4,15.06,12.68
ORD-000124,2025-01-09,North,Home,4,44.25,31.18
ORD-000125,2025-01-09,North,Technology,2,102.97,58.75
ORD-000126,2025-01-09,North,Technology,4,123.74,87.82
ORD-000127,2025-01-09,South,Office,3,15.47,9.46
ORD-000128,2025-01-09,East,Office,1,17.81,8.97
ORD-000129,2025-01-09,West,Technology,4,110.63,76.82
ORD-000130,2025-01-10,South,Office,2,17.34,11.88
ORD-000131,2025-01-10,West,Office,2,14.66,9.38
ORD-000132,2025-01-10,East,Office,3,16.02,10.83
ORD-000133,2025-01-10,North,Office,3,19.07,10.99
ORD-000134,2025-01-10,West,Office,3,20.07,12.49
ORD-000135,2025-01-10,North,Office,5,17.0,12.66
ORD-000136,2025-01-10,East,Office,5,20.78,13.54
ORD-000137,2025-01-10,North,Technology,2,134.39,105.49
ORD-000138,2025-01-10,East,Home,1,44.89,21.49
ORD-000139,2025-01-10,South,Technology,1,98.67,57.59
ORD-000140,2025-01-10,North,Home,2,39.11,29.22
ORD-000141,2025-01-10,East,Technology,4,135.7,81.27
ORD-000142,2025-01-10,East,Technology,4,103.37,51.46
ORD-000143,2025-01-10,West,Office,1,21.3,16.16
ORD-000144,2025-01-10,South,Technology,4,110.93,81.22
ORD-000145,2025-01-11,East,Office,4,15.91,8.2
ORD-000146,2025-01-11,West,Office,5,15.59,13.18
ORD-000147,2025-01-11,North,Technology,5,136.28,69.04
ORD-000148,2025-01-11,South,Technology,2,117.52,56.65
ORD-000149,2025-01-11,South,Technology,3,116.82,59.61
ORD-000150,2025-01-11,East,Office,5,15.7,7.35
ORD-000151,2025-01-11,East,Office,1,16.5,11.3
ORD-000152,2025-01-11,East,Office,1,17.95,9.83
ORD-000153,2025-01-11,South,Technology,3,126.6,90.91
ORD-000154,2025-01-11,North,Office,1,19.89,11.87
ORD-000155,2025-01-11,North,Technology,5,112.25,72.18
ORD-000156,2025-01-11,North,Technology,5,132.89,86.63
ORD-000157,2025-01-11,South,Office,1,18.63,10.92
ORD-000158,2025-01-12,East,Technology,2,101.04,82.54
ORD-000159,2025-01-12,North,Office,1,15.68,8.26
ORD-000160,2025-01-12,North,Office,5,14.58,9.17
ORD-000161,2025-01-12,West,Office,3,18.71,10.5
ORD-000162,2025-01-12,North,Home,4,48.65,41.0
ORD-000163,2025-01-12,North,Technology,5,118.92,96.48
ORD-000164,2025-01-12,West,Technology,5,130.59,99.61
ORD-000165,2025-01-12,South,Office,3,15.22,9.53
ORD-000166,2025-01-12,South,Technology,4,122.55,102.69
ORD-000167,2025-01-12,South,Home,5,41.19,30.89
ORD-000168,2025-01-12,East,Technology,1,112.63,52.53
ORD-000169,2025-01-12,South,Office,5,17.93,11.4
ORD-000170,2025-01-12,East,Technology,3,142.94,109.7
ORD-000171,2025-01-12,East,Office,3,18.4,15.09
ORD-000172,2025-01-13,South,Technology,1,113.89,56.23
ORD-000173,2025-01-13,North,Technology,4,130.24,103.69
ORD-000174,2025-01-13,West,Technology,5,131.49,61.75
ORD-000175,2025-01-13,East,Technology,2,125.85,56.86
ORD-000176,2025-01-13,West,Technology,4,120.7,55.74
ORD-000177,2025-01-13,West,Technology,4,138.99,75.76
ORD-000178,2025-01-13,North,Technology,2,136.93,108.36
ORD-000179,2025-01-13,West,Technology,3,124.34,69.62
ORD-000180,2025-01-13,South,Office,1,20.78,10.06
ORD-000181,2025-01-13,West,Technology,3,130.45,110.82
ORD-000182,2025-01-13,South,Technology,3,110.23,55.64
ORD-000183,2025-01-13,North,Home,5,53.96,37.13
ORD-000184,2025-01-13,West,Technology,5,114.83,74.5
ORD-000185,2025-01-13,East,Office,1,17.03,9.04
ORD-000186,2025-01-13,West,Home,3,36.32,25.56
ORD-000187,2025-01-13,West,Technology,5,116.18,87.23
ORD-000188,2025-01-13,South,Technology,2,121.96,98.64
ORD-000189,2025-01-13,East,Office,5,16.74,11.08
ORD-000190,2025-01-14,East,Technology,2,127.37,69.61
ORD-000191,2025-01-14,West,Home,2,38.8,21.86
ORD-000192,2025-01-14,West,Technology,4,122.95,93.88
ORD-000193,2025-01-14,West,Office,5,17.83,12.83
ORD-000194,2025-01-14,North,Technology,5,135.1,103.36
ORD-000195,2025-01-14,East,Office,2,18.45,13.12
ORD-000196,2025-01-14,South,Home,3,53.2,33.15
ORD-000197,2025-01-14,East,Home,4,53.28,24.85
ORD-000198,2025-01-14,North,Home,1,40.43,25.55
ORD-000199,2025-01-14,North,Home,1,41.63,20.59
ORD-000200,2025-01-14,South,Home,1,42.92,31.3
ORD-000201,2025-01-14,East,Office,3,16.57,10.22
ORD-000202,2025-01-14,West,Office,1,14.41,11.46
ORD-000203,2025-01-14,East,Home,2,45.15,26.33
ORD-000204,2025-01-14,North,Office,4,17.51,13.77
ORD-000205,2025-01-14,West,Office,3,16.72,10.73
ORD-000206,2025-01-14,West,Home,2,48.3,28.12
ORD-000207,2025-01-15,West,Office,1,19.52,9.15
ORD-000208,2025-01-15,East,Home,5,38.49,17.46
ORD-000209,2025-01-15,East,Technology,1,97.5,68.06
ORD-000210,2025-01-15,East,Home,3,40.35,27.68
ORD-000211,2025-01-15,South,Technology,2,96.23,67.13
ORD-000212,2025-01-15,South,Technology,4,103.81,82.24
ORD-000213,2025-01-15,West,Home,3,52.54,36.32
ORD-000214,2025-01-15,East,Office,2,21.49,16.66
ORD-000215,2025-01-15,West,Home,1,50.39,27.04
ORD-000216,2025-01-15,North,Office,2,17.38,8.36
ORD-000217,2025-01-15,East,Technology,2,112.63,58.14
ORD-000218,2025-01-15,South,Home,4,49.05,36.56
ORD-000219,2025-01-15,West,Technology,1,138.72,69.42
ORD-000220,2025-01-15,North,Office,4,15.43,8.01
ORD-000221,2025-01-15,North,Technology,2,143.61,65.58
ORD-000222,2025-01-15,North,Home,3,53.88,26.98
ORD-000223,2025-01-15,South,Office,3,20.74,14.49
ORD-000224,2025-01-15,North,Office,1,16.37,11.26
ORD-000225,2025-01-15,West,Home,5,47.95,21.93
ORD-000226,2025-01-15,East,Technology,2,124.59,99.62
ORD-000227,2025-01-15,West,Technology,1,125.32,76.25
ORD-000228,2025-01-16,West,Office,4,18.48,15.59
ORD-000229,2025-01-16,West,Home,5,45.26,34.78
ORD-000230,2025-01-16,West,Home,3,45.36,22.12
ORD-000231,2025-01-16,South,Technology,1,114.96,58.6
ORD-000232,2025-01-16,West,Technology,1,142.15,75.31
ORD-000233,2025-01-16,South,Technology,2,139.8,89.18
ORD-000234,2025-01-16,North,Home,5,49.2,29.6
ORD-000235,2025-01-16,North,Office,4,19.74,15.07
ORD-000236,2025-01-16,West,Technology,1,123.36,100.12
ORD-000237,2025-01-16,South,Technology,3,134.31,71.42
ORD-000238,2025-01-16,West,Home,1,49.38,41.56
ORD-000239,2025-01-16,West,Technology,5,130.53,79.34
ORD-000240,2025-01-16,West,Technology,4,111.32,75.96
ORD-000241,2025-01-16,West,Office,3,18.73,11.93
ORD-000242,2025-01-16,West,Technology,2,105.44,64.07
ORD-000243,2025-01-16,East,Technology,2,103.82,60.82
ORD-000244,2025-01-17,West,Technology,4,100.75,80.84
ORD-000245,2025-01-17,West,Office,5,15.86,10.45
ORD-000246,2025-01-17,West,Home,2,44.43,20.8
ORD-000247,2025-01-17,West,Home,2,53.27,34.53
ORD-000248,2025-01-17,East,Office,2,15.2,8.63
ORD-000249,2025-01-17,South,Home,4,51.78,43.69
ORD-000250,2025-01-17,West,Technology,5,143.15,68.53
ORD-000251,2025-01-17,East,Office,2,16.59,8.11
ORD-000252,2025-01-17,North,Office,4,20.49,13.67
ORD-000253,2025-01-17,East,Office,3,16.22,12.83
ORD-000254,2025-01-17,North,Home,4,46.52,26.44
ORD-000255,2025-01-17,West,Technology,1,115.43,87.6
ORD-000256,2025-01-17,North,Technology,5,105.93,52.78
ORD-000257,2025-01-17,South,Home,2,37.81,29.82
ORD-000258,2025-01-17,North,Home,3,39.23,24.71
ORD-000259,2025-01-17,East,Home,1,48.78,39.02
ORD-000260,2025-01-17,North,Technology,3,112.29,61.69
ORD-000261,2025-01-17,East,Home,1,38.9,31.32
ORD-000262,2025-01-17,West,Technology,3,133.31,86.15
ORD-000263,2025-01-17,North,Office,5,18.26,9.18
ORD-000264,2025-01-17,East,Office,5,15.3,9.84
ORD-000265,2025-01-17,South,Technology,2,103.85,55.36
ORD-000266,2025-01-17,South,Office,1,16.22,8.07
ORD-000267,2025-01-18,North,Technology,5,118.32,78.42
ORD-000268,2025-01-18,South,Office,5,15.75,12.24
ORD-000269,2025-01-18,North,Technology,5,118.5,96.96
ORD-000270,2025-01-18,North,Home,1,42.14,24.73
ORD-000271,2025-01-18,South,Home,1,47.21,36.23
ORD-000272,2025-01-18,East,Technology,5,106.17,66.38
ORD-000273,2025-01-18,North,Home,3,36.04,20.27
ORD-000274,2025-01-18,West,Technology,3,98.98,49.65
ORD-000275,2025-01-18,East,Office,3,18.95,15.52
ORD-000276,2025-01-18,West,Office,4,16.7,10.6
ORD-000277,2025-01-18,North,Home,1,46.79,38.84
ORD-000278,2025-01-18,North,Office,1,16.87,12.17
ORD-000279,2025-01-18,South,Technology,5,97.93,79.03
ORD-000280,2025-01-18,West,Office,5,19.8,13.12
ORD-000281,2025-01-18,North,Technology,2,110.52,65.93
ORD-000282,2025-01-18,West,Technology,3,131.45,88.69
ORD-000283,2025-01-18,North,Home,4,45.16,27.9
ORD-000284,2025-01-18,West,Technology,2,127.06,77.92
ORD-000285,2025-01-18,West,Office,5,15.31,10.98
ORD-000286,2025-01-18,North,Home,4,47.8,21.89
ORD-000287,2025-01-19,South,Home,4,51.49,36.93
ORD-000288,2025-01-19,South,Home,2,38.33,19.37
ORD-000289,2025-01-19,West,Home,5,48.15,25.57
ORD-000290,2025-01-19,North,Technology,4,122.02,101.42
ORD-000291,2025-01-19,North,Office,2,16.24,9.39
ORD-000292,2025-01-19,North,Office,2,21.43,15.52
ORD-000293,2025-01-19,East,Office,4,17.28,11.99
ORD-000294,2025-01-19,East,Technology,5,117.31,92.86
ORD-000295,2025-01-19,West,Home,4,45.8,32.19
ORD-000296,2025-01-19,South,Office,2,16.81,13.7
ORD-000297,2025-01-19,South,Technology,5,136.48,102.09
ORD-000298,2025-01-19,East,Technology,4,132.7,85.23
ORD-000299,2025-01-20,North,Office,2,16.48,11.28
ORD-000300,2025-01-20,West,Home,2,43.38,33.68
ORD-000301,2025-01-20,South,Home,2,39.02,22.81
ORD-000302,2025-01-20,East,Home,5,50.36,25.45
ORD-000303,2025-01-20,South,Technology,1,101.55,86.26
ORD-000304,2025-01-20,South,Office,1,15.79,9.78
ORD-000305,2025-01-20,North,Office,2,21.12,10.09
ORD-000306,2025-01-20,North,Technology,4,102.62,57.29
ORD-000307,2025-01-20,South,Office,3,19.18,15.02
ORD-000308,2025-01-20,East,Home,3,39.17,26.28
ORD-000309,2025-01-20,North,Home,4,48.35,40.94
ORD-000310,2025-01-20,East,Office,3,21.6,10.54
ORD-000311,2025-01-20,North,Technology,2,142.88,90.66
ORD-000312,2025-01-21,South,Home,2,48.1,36.8
ORD-000313,2025-01-21,South,Technology,5,135.42,78.36
ORD-000314,2025-01-21,North,Office,5,19.79,12.79
ORD-000315,2025-01-21,South,Home,3,38.59,18.85
ORD-000316,2025-01-21,West,Technology,3,103.37,49.31
ORD-000317,2025-01-21,East,Office,1,14.4,10.94
ORD-000318,2025-01-21,West,Office,4,14.65,11.42
ORD-000319,2025-01-21,East,Office,1,15.46,12.05
ORD-000320,2025-01-21,West,Technology,5,121.87,59.36
ORD-000321,2025-01-21,West,Office,3,19.71,14.8
ORD-000322,2025-01-21,North,Home,4,45.08,28.67
ORD-000323,2025-01-21,West,Home,4,39.95,29.99
ORD-000324,2025-01-21,South,Home,1,38.14,19.85
ORD-000325,2025-01-22,West,Home,5,53.83,38.3
ORD-000326,2025-01-22,South,Home,2,44.08,35.27
ORD-000327,2025-01-22,South,Technology,3,137.9,74.23
ORD-000328,2025-01-22,South,Home,2,47.81,35.57
ORD-000329,2025-01-22,North,Home,2,45.92,33.72
ORD-000330,2025-01-22,North,Technology,1,97.28,67.18
ORD-000331,2025-01-22,West,Office,2,16.27,12.25
ORD-000332,2025-01-22,West,Office,3,20.35,12.29
ORD-000333,2025-01-22,West,Technology,1,121.05,81.79
ORD-000334,2025-01-22,South,Home,1,48.18,21.7
ORD-000335,2025-01-23,South,Technology,5,118.56,97.72
ORD-000336,2025-01-23,West,Office,2,14.83,10.15
ORD-000337,2025-01-23,East,Office,1,19.29,9.45
ORD-000338,2025-01-23,East,Home,3,39.73,20.68
ORD-000339,2025-01-23,East,Home,1,51.49,30.6
ORD-000340,2025-01-23,North,Home,2,36.99,20.56
ORD-000341,2025-01-23,North,Technology,5,105.86,87.0
ORD-000342,2025-01-23,South,Technology,1,100.79,50.01
ORD-000343,2025-01-23,North,Office,1,15.28,11.49
ORD-000344,2025-01-23,North,Technology,3,135.35,114.87
ORD-000345,2025-01-23,East,Office,1,17.29,14.34
ORD-000346,2025-01-23,South,Home,5,46.38,24.03
ORD-000347,2025-01-23,South,Technology,3,119.93,100.54
ORD-000348,2025-01-23,South,Office,2,17.14,11.72
ORD-000349,2025-01-23,East,Office,2,16.71,8.21
ORD-000350,2025-01-23,East,Home,3,51.59,30.62
ORD-000351,2025-01-24,North,Technology,5,140.48,85.21
ORD-000352,2025-01-24,West,Technology,3,111.8,75.71
ORD-000353,2025-01-24,West,Office,2,19.14,11.07
ORD-000354,2025-01-24,East,Office,2,16.89,8.24
ORD-000355,2025-01-24,East,Home,5,49.02,26.27
ORD-000356,2025-01-24,South,Office,4,18.45,10.2
ORD-000357,2025-01-24,South,Office,1,21.08,15.13
ORD-000358,2025-01-24,North,Office,5,14.78,8.97
ORD-000359,2025-01-24,South,Home,5,46.42,21.6
ORD-000360,2025-01-24,South,Home,3,48.25,22.22
ORD-000361,2025-01-24,North,Office,2,20.54,13.07
ORD-000362,2025-01-24,North,Office,4,14.44,8.41
ORD-000363,2025-01-24,South,Technology,5,113.91,63.58
ORD-000364,2025-01-25,East,Office,3,17.98,15.03
ORD-000365,2025-01-25,South,Home,5,51.4,35.35
ORD-000366,2025-01-25,North,Home,2,51.81,25.41
ORD-000367,2025-01-25,South,Office,2,17.87,15.06
ORD-000368,2025-01-25,South,Office,3,18.77,11.22
ORD-000369,2025-01-25,West,Home,5,38.13,29.94
ORD-000370,2025-01-25,North,Technology,2,109.65,87.69
ORD-000371,2025-01-25,East,Home,3,45.37,32.94
ORD-000372,2025-01-25,North,Office,4,15.58,9.36
ORD-000373,2025-01-25,North,Technology,3,97.92,64.52
ORD-000374,2025-01-26,West,Office,2,15.76,7.7
ORD-000375,2025-01-26,South,Office,2,17.32,14.54
ORD-000376,2025-01-26,North,Technology,4,99.88,79.76
ORD-000377,2025-01-26,North,Technology,1,116.59,54.14
ORD-000378,2025-01-26,West,Office,5,18.25,15.21
ORD-000379,2025-01-26,East,Office,3,19.48,15.8
ORD-000380,2025-01-26,West,Home,5,36.81,28.9
ORD-000381,2025-01-26,East,Technology,1,98.87,50.65
ORD-000382,2025-01-26,East,Technology,5,121.68,82.37
ORD-000383,2025-01-26,West,Technology,5,117.36,98.29
ORD-000384,2025-01-27,East,Home,5,41.15,20.07
ORD-000385,2025-01-27,South,Technology,3,129.98,109.23
ORD-000386,2025-01-27,West,Technology,5,136.42,68.32
ORD-000387,2025-01-27,South,Technology,2,122.19,98.92
ORD-000388,2025-01-27,West,Office,4,21.4,13.76
ORD-000389,2025-01-27,West,Office,2,17.18,10.42
ORD-000390,2025-01-27,North,Office,1,15.05,11.47
ORD-000391,2025-01-27,West,Technology,5,140.67,65.28
ORD-000392,2025-01-27,South,Office,2,15.53,13.05
ORD-000393,2025-01-27,East,Technology,4,120.76,101.54
ORD-000394,2025-01-27,North,Technology,1,107.35,54.9
ORD-000395,2025-01-27,East,Technology,1,105.37,85.87
ORD-000396,2025-01-28,North,Office,5,15.85,11.05
ORD-000397,2025-01-28,South,Office,1,21.23,10.32
ORD-000398,2025-01-28,West,Office,3,16.03,13.28
ORD-000399,2025-01-28,West,Technology,1,133.0,69.58
ORD-000400,2025-01-28,East,Office,4,16.71,12.02
ORD-000401,2025-01-28,West,Home,4,40.12,20.76
ORD-000402,2025-01-28,South,Technology,1,140.96,69.48
ORD-000403,2025-01-28,West,Office,1,18.14,11.33
ORD-000404,2025-01-28,East,Office,3,21.56,13.82
ORD-000405,2025-01-28,West,Technology,4,99.21,53.69
ORD-000406,2025-01-28,North,Office,1,18.99,16.0
ORD-000407,2025-01-28,West,Home,2,52.14,24.72
ORD-000408,2025-01-28,North,Office,4,20.32,15.5
ORD-000409,2025-01-28,West,Technology,1,126.62,88.94
ORD-000410,2025-01-29,South,Technology,5,128.25,76.74
ORD-000411,2025-01-29,West,Office,2,20.25,15.08
ORD-000412,2025-01-29,North,Office,2,17.71,13.25
ORD-000413,2025-01-29,East,Office,2,15.83,11.86
ORD-000414,2025-01-29,North,Office,2,20.84,10.3
ORD-000415,2025-01-29,South,Home,2,38.78,21.97
ORD-000416,2025-01-29,East,Home,5,45.53,34.34
ORD-000417,2025-01-29,North,Home,4,39.15,25.11
ORD-000418,2025-01-29,West,Office,2,15.46,8.86
ORD-000419,2025-01-29,East,Office,5,18.36,8.78
ORD-000420,2025-01-29,East,Technology,4,119.09,89.22
ORD-000421,2025-01-29,South,Home,3,44.07,24.08
ORD-000422,2025-01-30,West,Technology,2,118.44,64.71
ORD-000423,2025-01-30,South,Technology,1,111.06,55.79
ORD-000424,2025-01-30,North,Home,2,43.9,26.24
ORD-000425,2025-01-30,East,Technology,1,132.63,86.1
ORD-000426,2025-01-30,East,Technology,5,126.86,107.77
ORD-000427,2025-01-30,North,Office,5,20.81,15.95
ORD-000428,2025-01-30,South,Technology,1,118.12,53.9
ORD-000429,2025-01-30,West,Office,3,17.96,12.16
ORD-000430,2025-01-30,North,Office,5,18.38,9.07
ORD-000431,2025-01-30,East,Technology,1,134.06,113.67
ORD-000432,2025-01-30,East,Technology,5,137.9,79.39
ORD-000433,2025-01-30,West,Home,5,40.83,33.71
ORD-000434,2025-01-31,East,Office,1,16.53,8.73
ORD-000435,2025-01-31,East,Technology,4,141.57,110.94
ORD-000436,2025-01-31,North,Office,1,19.31,10.04
ORD-000437,2025-01-31,South,Home,5,40.76,20.63
ORD-000438,2025-01-31,South,Technology,5,128.53,69.93
ORD-000439,2025-01-31,West,Technology,3,142.3,88.51
ORD-000440,2025-01-31,North,Home,2,43.79,33.29
ORD-000441,2025-01-31,South,Office,4,17.12,9.16
ORD-000442,2025-01-31,North,Technology,3,96.21,81.55
ORD-000443,2025-01-31,East,Technology,5,105.98,82.03
ORD-000444,2025-01-31,East,Office,2,15.04,11.26
ORD-000445,2025-01-31,West,Home,1,39.4,24.19
ORD-000446,2025-02-01,North,Home,4,47.56,40.1
ORD-000447,2025-02-01,West,Home,2,43.26,23.72
ORD-000448,2025-02-01,East,Technology,4,131.03,64.09
ORD-000449,2025-02-01,West,Office,1,15.84,10.07
ORD-000450,2025-02-01,East,Home,4,41.21,33.51
ORD-000451,2025-02-01,South,Office,4,16.32,9.01
ORD-000452,2025-02-01,East,Home,5,38.43,23.47
ORD-000453,2025-02-01,East,Technology,4,136.64,63.41
ORD-000454,2025-02-01,South,Office,4,15.57,11.88
ORD-000455,2025-02-01,East,Home,4,52.51,41.45
ORD-000456,2025-02-01,North,Technology,1,106.93,85.22
ORD-000457,2025-02-01,West,Office,3,18.86,9.45
ORD-000458,2025-02-01,East,Technology,5,133.48,98.96
ORD-000459,2025-02-01,West,Technology,1,138.08,103.27
ORD-000460,2025-02-01,East,Office,4,20.31,11.48
ORD-000461,2025-02-01,East,Office,2,16.12,10.51
ORD-000462,2025-02-02,South,Office,5,20.07,11.01
ORD-000463,2025-02-02,North,Technology,2,128.54,67.54
ORD-000464,2025-02-02,West,Office,5,20.13,14.87
ORD-000465,2025-02-02,South,Technology,2,143.24,101.03
ORD-000466,2025-02-02,East,Office,5,17.81,8.68
ORD-000467,2025-02-02,West,Office,1,20.7,15.84
ORD-000468,2025-02-02,North,Home,5,42.89,34.46
ORD-000469,2025-02-02,West,Technology,2,132.97,92.09
ORD-000470,2025-02-02,South,Office,5,19.14,8.8
ORD-000471,2025-02-02,East,Office,2,19.53,12.66
ORD-000472,2025-02-02,West,Office,2,14.8,11.78
ORD-000473,2025-02-02,East,Technology,3,115.03,54.1
ORD-000474,2025-02-02,North,Technology,2,131.99,105.15
ORD-000475,2025-02-02,North,Home,2,51.94,34.41
ORD-000476,2025-02-02,South,Home,2,50.03,27.13
ORD-000477,2025-02-02,East,Office,3,21.3,15.0
ORD-000478,2025-02-02,South,Technology,3,131.71,84.35
ORD-000479,2025-02-03,East,Home,5,51.99,30.67
ORD-000480,2025-02-03,East,Technology,1,123.77,103.84
ORD-000481,2025-02-03,South,Home,5,52.59,27.22
ORD-000482,2025-02-03,East,Home,1,39.81,19.83
ORD-000483,2025-02-03,East,Office,1,21.53,10.83
ORD-000484,2025-02-03,North,Home,3,50.89,38.66
ORD-000485,2025-02-03,North,Home,2,51.88,34.18
ORD-000486,2025-02-03,West,Office,3,19.53,11.49
ORD-000487,2025-02-03,West,Home,3,39.05,21.64
ORD-000488,2025-02-03,South,Technology,2,103.37,81.33
ORD-000489,2025-02-03,West,Technology,4,128.93,62.03
ORD-000490,2025-02-03,East,Technology,2,132.72,71.22
ORD-000491,2025-02-03,North,Office,1,20.95,14.19
ORD-000492,2025-02-03,West,Home,3,41.22,28.8
ORD-000493,2025-02-03,North,Office,5,18.89,13.74
ORD-000494,2025-02-04,South,Home,3,37.33,22.91
ORD-000495,2025-02-04,East,Office,2,16.0,11.95
ORD-000496,2025-02-04,South,Office,5,16.11,10.77
ORD-000497,2025-02-04,South,Home,3,44.51,31.06
ORD-000498,2025-02-04,South,Office,3,21.08,13.94
ORD-000499,2025-02-04,North,Office,1,19.71,12.94
ORD-000500,2025-02-04,North,Home,5,44.67,28.92
ORD-000501,2025-02-04,West,Office,3,21.33,11.14
ORD-000502,2025-02-04,East,Office,1,15.96,7.19
ORD-000503,2025-02-04,West,Office,3,19.94,9.23
ORD-000504,2025-02-04,South,Technology,1,123.36,101.95
ORD-000505,2025-02-04,East,Technology,1,126.08,89.09
ORD-000506,2025-02-04,West,Home,4,43.42,23.55
ORD-000507,2025-02-04,South,Home,1,45.0,35.55
ORD-000508,2025-02-04,South,Technology,2,143.94,81.29
ORD-000509,2025-02-04,West,Office,4,16.29,13.8
ORD-000510,2025-02-04,East,Office,3,21.53,15.19
ORD-000511,2025-02-04,South,Technology,2,140.78,93.11
ORD-000512,2025-02-05,East,Home,5,43.92,37.07
ORD-000513,2025-02-05,South,Technology,5,134.33,77.69
ORD-000514,2025-02-05,East,Home,3,45.85,29.9
ORD-000515,2025-02-05,North,Office,4,17.34,10.12
ORD-000516,2025-02-05,North,Technology,1,111.87,58.79
ORD-000517,2025-02-05,South,Office,1,17.61,13.27
ORD-000518,2025-02-05,East,Home,1,45.97,26.5
ORD-000519,2025-02-05,East,Home,5,47.81,22.76
ORD-000520,2025-02-05,South,Home,3,36.99,16.97
ORD-000521,2025-02-05,South,Home,3,38.8,24.36
ORD-000522,2025-02-05,West,Office,1,17.59,13.56
ORD-000523,2025-02-05,South,Office,3,14.48,11.75
ORD-000524,2025-02-05,North,Home,1,45.89,24.37
ORD-000525,2025-02-05,North,Technology,1,130.79,108.72
ORD-000526,2025-02-05,North,Office,2,17.96,11.51
ORD-000527,2025-02-05,West,Technology,4,106.77,63.09
ORD-000528,2025-02-05,West,Home,1,48.81,30.54
ORD-000529,2025-02-05,North,Office,4,18.79,14.55
ORD-000530,2025-02-05,East,Technology,1,130.16,83.3
ORD-000531,2025-02-05,North,Office,1,16.17,8.72
ORD-000532,2025-02-06,East,Home,5,39.18,32.14
ORD-000533,2025-02-06,East,Office,3,21.09,17.29
ORD-000534,2025-02-06,North,Home,1,53.13,40.12
ORD-000535,2025-02-06,South,Technology,2,139.48,93.47
ORD-000536,2025-02-06,East,Technology,5,99.75,69.38
ORD-000537,2025-02-06,North,Technology,4,116.03,59.34
ORD-000538,2025-02-06,North,Office,1,19.73,14.64
ORD-000539,2025-02-06,South,Home,4,44.5,25.58
ORD-000540,2025-02-06,East,Office,4,21.38,12.78
ORD-000541,2025-02-06,East,Technology,4,106.54,88.11
ORD-000542,2025-02-06,East,Office,2,19.69,15.63
ORD-000543,2025-02-06,West,Office,4,20.53,14.32
ORD-000544,2025-02-06,East,Home,2,52.68,38.31
ORD-000545,2025-02-06,South,Office,3,15.48,11.14
ORD-000546,2025-02-06,West,Home,1,42.12,26.96
ORD-000547,2025-02-07,West,Office,4,20.49,16.13
ORD-000548,2025-02-07,South,Office,5,17.61,12.51
ORD-000549,2025-02-07,East,Home,4,51.93,26.31
ORD-000550,2025-02-07,East,Office,4,15.5,7.27
ORD-000551,2025-02-07,West,Office,2,15.41,9.49
ORD-000552,2025-02-07,West,Office,2,18.16,8.4
ORD-000553,2025-02-07,North,Technology,2,113.94,56.23
ORD-000554,2025-02-07,West,Office,2,14.5,9.17
ORD-000555,2025-02-07,West,Home,1,50.59,33.5
ORD-000556,2025-02-07,East,Office,1,18.67,12.25
ORD-000557,2025-02-07,West,Technology,4,116.22,88.69
ORD-000558,2025-02-07,West,Home,1,52.96,36.57
ORD-000559,2025-02-07,South,Home,4,41.13,28.91
ORD-000560,2025-02-07,South,Technology,5,140.6,65.65
ORD-000561,2025-02-07,West,Office,3,18.34,10.72
ORD-000562,2025-02-07,East,Home,1,53.78,33.94
ORD-000563,2025-02-07,South,Home,1,41.83,35.19
ORD-000564,2025-02-07,East,Office,1,17.82,8.39
ORD-000565,2025-02-07,South,Technology,4,108.76,52.89
ORD-000566,2025-02-08,South,Office,5,18.02,9.97
ORD-000567,2025-02-08,North,Technology,1,137.26,77.11
ORD-000568,2025-02-08,South,Office,2,20.56,13.62
ORD-000569,2025-02-08,South,Technology,4,104.95,48.53
ORD-000570,2025-02-08,North,Home,2,43.05,31.08
ORD-000571,2025-02-08,East,Office,2,19.26,11.4
ORD-000572,2025-02-08,West,Home,4,42.28,26.92
ORD-000573,2025-02-08,West,Office,1,20.54,11.0
ORD-000574,2025-02-08,West,Office,2,20.88,9.72
ORD-000575,2025-02-08,West,Office,5,15.29,11.45
ORD-000576,2025-02-08,West,Home,5,38.35,31.63
ORD-000577,2025-02-08,North,Home,3,48.79,41.33
ORD-000578,2025-02-08,North,Technology,1,112.39,73.92
ORD-000579,2025-02-08,North,Technology,3,104.54,47.63
ORD-000580,2025-02-08,North,Office,2,21.08,9.82
ORD-000581,2025-02-09,West,Office,2,14.64,7.72
ORD-000582,2025-02-09,West,Home,2,42.82,25.08
ORD-000583,2025-02-09,West,Office,4,15.05,7.99
ORD-000584,2025-02-09,North,Home,5,49.62,40.76
ORD-000585,2025-02-09,North,Home,5,45.57,34.61
ORD-000586,2025-02-09,North,Home,5,49.77,40.22
ORD-000587,2025-02-09,West,Home,4,49.8,28.55
ORD-000588,2025-02-09,West,Technology,1,140.6,119.19
ORD-000589,2025-02-09,South,Office,2,15.07,6.99
ORD-000590,2025-02-09,North,Office,4,19.95,13.78
ORD-000591,2025-02-10,West,Technology,5,115.88,72.92
ORD-000592,2025-02-10,South,Home,2,40.77,25.28
ORD-000593,2025-02-10,South,Home,5,40.87,25.36
ORD-000594,2025-02-10,North,Technology,3,111.73,68.95
ORD-000595,2025-02-10,West,Office,1,18.02,10.65
ORD-000596,2025-02-10,North,Home,3,46.18,36.0
ORD-000597,2025-02-10,West,Technology,1,142.55,119.32
ORD-000598,2025-02-10,East,Technology,1,136.23,89.99
ORD-000599,2025-02-10,East,Office,2,20.29,11.27
ORD-000600,2025-02-10,South,Office,1,21.09,14.25
ORD-000601,2025-02-10,North,Office,2,14.82,11.51
ORD-000602,2025-02-10,North,Office,3,14.89,8.24
ORD-000603,2025-02-10,North,Home,2,38.14,30.81
ORD-000604,2025-02-10,West,Technology,2,104.93,71.88
ORD-000605,2025-02-10,North,Office,3,17.59,8.65
ORD-000606,2025-02-10,South,Home,3,54.0,43.15
ORD-000607,2025-02-10,West,Home,5,52.6,26.07
ORD-000608,2025-02-10,North,Home,5,52.73,30.37
ORD-000609,2025-02-10,West,Home,4,44.14,23.22
ORD-000610,2025-02-10,South,Office,2,20.87,15.28
ORD-000611,2025-02-10,East,Office,1,14.68,8.6
ORD-000612,2025-02-11,South,Office,4,21.24,17.0
ORD-000613,2025-02-11,East,Office,5,16.71,11.11
ORD-000614,2025-02-11,South,Office,1,16.54,9.88
ORD-000615,2025-02-11,West,Office,1,17.18,9.53
ORD-000616,2025-02-11,West,Home,2,47.29,27.81
ORD-000617,2025-02-11,North,Technology,1,133.05,91.14
ORD-000618,2025-02-11,West,Office,3,21.36,17.39
ORD-000619,2025-02-11,South,Technology,4,98.82,72.07
ORD-000620,2025-02-11,South,Office,3,21.5,10.47
ORD-000621,2025-02-11,North,Office,4,15.31,10.0
ORD-000622,2025-02-11,South,Technology,5,130.72,91.71
ORD-000623,2025-02-11,North,Technology,3,132.22,105.46
ORD-000624,2025-02-11,East,Technology,3,97.75,52.44
ORD-000625,2025-02-11,South,Home,3,47.67,25.04
ORD-000626,2025-02-11,North,Office,4,16.84,8.95
ORD-000627,2025-02-11,East,Technology,4,138.63,73.46
ORD-000628,2025-02-11,East,Technology,5,110.03,80.68
ORD-000629,2025-02-11,North,Office,4,16.61,7.74
ORD-000630,2025-02-12,South,Home,4,36.09,29.94
ORD-000631,2025-02-12,South,Home,2,44.49,27.78
ORD-000632,2025-02-12,South,Office,3,16.74,10.42
ORD-000633,2025-02-12,North,Home,4,52.17,25.12
ORD-000634,2025-02-12,East,Technology,1,114.46,67.63
ORD-000635,2025-02-12,West,Home,1,39.14,25.38
ORD-000636,2025-02-12,South,Technology,1,140.12,66.81
ORD-000637,2025-02-12,West,Home,2,37.44,31.61
ORD-000638,2025-02-12,East,Home,1,39.76,27.02
ORD-000639,2025-02-12,West,Office,1,18.58,14.51
ORD-000640,2025-02-12,North,Office,3,15.4,11.18
ORD-000641,2025-02-12,South,Home,3,42.65,20.37
ORD-000642,2025-02-12,North,Office,1,15.63,11.58
ORD-000643,2025-02-12,West,Technology,1,130.74,103.94
ORD-000644,2025-02-12,East,Home,1,51.04,23.45
ORD-000645,2025-02-12,East,Technology,4,136.97,91.68
ORD-000646,2025-02-12,West,Home,4,43.67,28.19
ORD-000647,2025-02-12,North,Home,3,53.8,42.09
ORD-000648,2025-02-12,West,Home,3,36.93,29.71
ORD-000649,2025-02-13,West,Technology,1,116.09,76.45
ORD-000650,2025-02-13,West,Office,2,17.73,10.14
ORD-000651,2025-02-13,West,Technology,1,113.52,90.68
ORD-000652,2025-02-13,North,Home,1,46.84,34.08
ORD-000653,2025-02-13,South,Technology,3,107.4,48.7
ORD-000654,2025-02-13,West,Home,4,36.85,31.13
ORD-000655,2025-02-13,East,Home,1,49.47,33.98
ORD-000656,2025-02-13,South,Home,2,49.61,22.54
ORD-000657,2025-02-13,North,Home,5,53.84,28.31
ORD-000658,2025-02-13,West,Home,3,38.23,26.32
ORD-000659,2025-02-13,South,Home,3,49.56,38.28
ORD-000660,2025-02-13,North,Technology,3,107.87,61.37
ORD-000661,2025-02-13,West,Technology,3,140.73,118.19
ORD-000662,2025-02-13,East,Technology,3,116.01,74.81
ORD-000663,2025-02-13,East,Office,5,16.1,7.68
ORD-000664,2025-02-13,South,Office,1,21.11,11.17
ORD-000665,2025-02-13,South,Technology,1,100.65,74.51
ORD-000666,2025-02-13,East,Technology,4,99.29,69.77
ORD-000667,2025-02-14,West,Office,1,19.42,13.3
ORD-000668,2025-02-14,West,Technology,3,127.89,96.23
ORD-000669,2025-02-14,South,Office,1,15.55,10.35
ORD-000670,2025-02-14,South,Home,3,44.66,20.97
ORD-000671,2025-02-14,West,Office,4,18.6,13.26
ORD-000672,2025-02-14,East,Office,4,19.59,15.01
ORD-000673,2025-02-14,North,Technology,1,121.8,59.74
ORD-000674,2025-02-14,South,Office,3,16.37,13.08
ORD-000675,2025-02-14,North,Office,2,15.05,8.11
ORD-000676,2025-02-14,South,Office,5,19.68,13.53
ORD-000677,2025-02-14,North,Technology,4,112.25,89.31
ORD-000678,2025-02-14,West,Office,3,19.61,11.71
ORD-000679,2025-02-14,East,Home,2,38.57,23.12
ORD-000680,2025-02-14,West,Home,3,52.99,28.82
ORD-000681,2025-02-14,East,Technology,1,112.24,67.72
ORD-000682,2025-02-14,South,Technology,5,133.08,65.79
ORD-000683,2025-02-14,North,Technology,1,142.04,66.81
ORD-000684,2025-02-14,South,Office,5,21.05,13.87
ORD-000685,2025-02-14,North,Technology,4,106.16,68.94
ORD-000686,2025-02-15,North,Technology,5,141.14,93.57
ORD-000687,2025-02-15,North,Technology,4,118.2,58.84
ORD-000688,2025-02-15,North,Office,2,15.1,11.85
ORD-000689,2025-02-15,East,Office,5,16.03,8.59
ORD-000690,2025-02-15,West,Office,3,15.58,9.3
ORD-000691,2025-02-15,North,Technology,3,139.79,113.98
ORD-000692,2025-02-15,South,Home,5,52.24,36.7
ORD-000693,2025-02-15,North,Office,3,19.0,8.68
ORD-000694,2025-02-15,South,Technology,3,141.99,108.28
ORD-000695,2025-02-15,West,Home,5,36.22,23.65
ORD-000696,2025-02-15,North,Office,2,17.55,9.65
ORD-000697,2025-02-15,North,Home,1,42.76,22.2
ORD-000698,2025-02-15,South,Technology,2,111.34,74.3
ORD-000699,2025-02-16,South,Technology,3,109.69,50.46
ORD-000700,2025-02-16,West,Technology,3,108.59,50.21
ORD-000701,2025-02-16,North,Technology,1,128.56,84.42
ORD-000702,2025-02-16,West,Technology,2,124.99,58.31
ORD-000703,2025-02-16,East,Technology,1,127.44,58.15
ORD-000704,2025-02-16,North,Technology,4,122.76,95.84
ORD-000705,2025-02-16,North,Office,2,18.86,14.97
ORD-000706,2025-02-16,East,Technology,5,101.87,46.9
ORD-000707,2025-02-16,South,Home,4,37.38,16.88
ORD-000708,2025-02-16,South,Home,2,44.01,22.73
ORD-000709,2025-02-16,West,Home,5,43.24,34.91
ORD-000710,2025-02-16,South,Technology,1,127.32,72.34
ORD-000711,2025-02-16,South,Technology,2,100.26,82.92
ORD-000712,2025-02-16,West,Office,3,21.24,15.23
ORD-000713,2025-02-16,West,Office,3,19.82,10.06
ORD-000714,2025-02-16,South,Home,2,47.06,33.71
ORD-000715,2025-02-17,South,Technology,2,119.66,66.82
ORD-000716,2025-02-17,West,Technology,1,119.72,95.1
ORD-000717,2025-02-17,South,Office,2,20.9,17.43
ORD-000718,2025-02-17,North,Technology,5,106.96,72.57
ORD-000719,2025-02-17,West,Home,2,46.09,26.06
ORD-000720,2025-02-17,South,Office,1,16.14,10.47
ORD-000721,2025-02-17,South,Technology,4,126.25,78.46
ORD-000722,2025-02-17,North,Office,2,17.74,13.82
ORD-000723,2025-02-17,East,Office,5,19.56,13.3
ORD-000724,2025-02-17,West,Technology,2,137.42,110.3
ORD-000725,2025-02-17,North,Office,1,20.15,15.89
ORD-000726,2025-02-17,East,Office,3,21.55,16.71
ORD-000727,2025-02-17,North,Office,5,17.66,10.73
ORD-000728,2025-02-17,North,Technology,1,123.14,66.53
ORD-000729,2025-02-18,West,Technology,1,107.81,83.26
ORD-000730,2025-02-18,North,Office,1,20.85,14.18
ORD-000731,2025-02-18,West,Office,3,18.82,11.47
ORD-000732,2025-02-18,West,Office,3,17.8,11.58
ORD-000733,2025-02-18,West,Home,4,50.72,29.75
ORD-000734,2025-02-18,North,Technology,5,134.43,68.75
ORD-000735,2025-02-18,North,Home,4,41.14,22.44
ORD-000736,2025-02-18,East,Technology,2,128.23,83.92
ORD-000737,2025-02-18,South,Home,1,42.86,36.21
ORD-000738,2025-02-18,East,Technology,1,137.99,107.34
ORD-000739,2025-02-18,East,Office,5,17.23,12.5
ORD-000740,2025-02-18,East,Technology,2,121.57,94.21
ORD-000741,2025-02-18,North,Office,3,17.77,9.63
ORD-000742,2025-02-18,North,Technology,4,104.18,87.39
ORD-000743,2025-02-18,East,Home,5,40.49,32.16
ORD-000744,2025-02-18,West,Home,3,40.08,33.92
ORD-000745,2025-02-18,East,Office,3,18.41,14.23
ORD-000746,2025-02-18,North,Office,3,16.96,8.77
ORD-000747,2025-02-18,North,Home,2,50.12,30.44
ORD-000748,2025-02-18,South,Home,1,52.07,29.65
ORD-000749,2025-02-18,North,Home,3,42.01,26.63
ORD-000750,2025-02-19,East,Home,3,48.72,23.74
ORD-000751,2025-02-19,South,Home,2,39.15,23.26
ORD-000752,2025-02-19,East,Technology,2,133.57,70.08
ORD-000753,2025-02-19,West,Technology,5,97.58,72.17
ORD-000754,2025-02-19,East,Home,1,51.07,41.0
ORD-000755,2025-02-19,South,Office,3,20.66,14.87
ORD-000756,2025-02-19,West,Technology,4,121.2,99.1
ORD-000757,2025-02-19,East,Office,1,16.67,13.8
ORD-000758,2025-02-19,East,Home,4,44.01,34.61
ORD-000759,2025-02-19,South,Technology,2,103.77,83.53
ORD-000760,2025-02-19,East,Technology,4,98.35,58.21
ORD-000761,2025-02-19,North,Office,1,18.1,9.12
ORD-000762,2025-02-20,East,Home,2,47.48,25.48
ORD-000763,2025-02-20,North,Technology,4,128.97,106.27
ORD-000764,2025-02-20,North,Office,5,17.17,8.24
ORD-000765,2025-02-20,North,Office,5,21.52,14.67
ORD-000766,2025-02-20,South,Technology,2,126.08,91.0
ORD-000767,2025-02-20,South,Technology,1,143.91,68.29
ORD-000768,2025-02-20,North,Office,1,18.69,10.24
ORD-000769,2025-02-20,West,Office,4,19.66,10.15
ORD-000770,2025-02-20,East,Home,5,36.81,26.78
ORD-000771,2025-02-20,East,Office,3,14.6,8.22
ORD-000772,2025-02-21,South,Office,2,21.05,15.19
ORD-000773,2025-02-21,East,Office,5,21.28,15.87
ORD-000774,2025-02-21,East,Technology,2,118.33,91.71
ORD-000775,2025-02-21,North,Office,5,16.0,10.16
ORD-000776,2025-02-21,South,Office,4,20.35,14.39
ORD-000777,2025-02-21,North,Technology,3,108.98,51.03
ORD-000778,2025-02-21,West,Office,3,20.07,12.55
ORD-000779,2025-02-21,East,Technology,2,106.05,57.59
ORD-000780,2025-02-21,East,Office,4,14.86,8.92
ORD-000781,2025-02-21,West,Office,2,17.51,10.13
ORD-000782,2025-02-21,West,Technology,5,132.39,94.57
ORD-000783,2025-02-21,West,Technology,1,131.89,81.21
ORD-000784,2025-02-21,East,Office,2,18.18,8.94
ORD-000785,2025-02-21,West,Office,5,15.29,10.29
ORD-000786,2025-02-21,East,Office,1,21.1,14.74
ORD-000787,2025-02-21,West,Technology,3,96.97,48.23
ORD-000788,2025-02-21,East,Home,2,39.9,24.36
ORD-000789,2025-02-22,East,Home,2,37.68,21.92
ORD-000790,2025-02-22,West,Office,2,18.35,8.44
ORD-000791,2025-02-22,South,Office,4,15.18,7.72
ORD-000792,2025-02-22,North,Home,4,53.66,37.25
ORD-000793,2025-02-22,South,Office,2,15.04,8.0
ORD-000794,2025-02-22,North,Technology,3,125.91,76.0
ORD-000795,2025-02-22,South,Office,3,15.47,9.31
ORD-000796,2025-02-22,West,Technology,5,127.14,60.14
ORD-000797,2025-02-22,South,Office,4,18.49,9.42
ORD-000798,2025-02-22,East,Technology,4,121.6,76.91
ORD-000799,2025-02-22,East,Home,2,40.39,18.73
ORD-000800,2025-02-22,South,Technology,5,130.03,58.9
ORD-000801,2025-02-22,East,Technology,4,128.36,88.04
ORD-000802,2025-02-22,West,Home,3,48.31,28.8
ORD-000803,2025-02-22,North,Office,3,18.68,12.61
ORD-000804,2025-02-22,South,Home,4,51.87,33.13
ORD-000805,2025-02-23,East,Technology,1,96.54,52.03
ORD-000806,2025-02-23,South,Technology,1,135.11,76.13
ORD-000807,2025-02-23,West,Technology,3,111.57,92.95
ORD-000808,2025-02-23,South,Technology,1,138.01,104.98
ORD-000809,2025-02-23,East,Home,4,52.44,30.65
ORD-000810,2025-02-23,North,Office,1,15.53,8.53
ORD-000811,2025-02-23,South,Technology,4,134.27,65.83
ORD-000812,2025-02-23,East,Technology,2,124.42,83.01
ORD-000813,2025-02-23,West,Office,1,16.44,8.6
ORD-000814,2025-02-23,East,Office,4,17.78,8.91
ORD-000815,2025-02-23,South,Home,3,45.1,32.09
ORD-000816,2025-02-23,East,Technology,4,130.08,104.07
ORD-000817,2025-02-23,North,Home,4,41.01,28.4
ORD-000818,2025-02-23,North,Home,2,37.19,17.64
ORD-000819,2025-02-24,North,Home,5,50.24,28.83
ORD-000820,2025-02-24,South,Technology,3,122.35,78.2
ORD-000821,2025-02-24,North,Technology,5,106.08,51.9
ORD-000822,2025-02-24,North,Technology,3,135.8,74.41
ORD-000823,2025-02-24,North,Home,2,37.52,25.74
ORD-000824,2025-02-24,West,Technology,1,101.32,76.02
ORD-000825,2025-02-24,West,Home,3,52.01,37.93
ORD-000826,2025-02-24,South,Technology,4,109.37,90.7
ORD-000827,2025-02-24,East,Home,3,41.87,25.43
ORD-000828,2025-02-24,North,Home,3,49.36,33.48
ORD-000829,2025-02-24,West,Home,2,38.54,30.6
ORD-000830,2025-02-24,North,Home,2,46.84,35.88
ORD-000831,2025-02-24,East,Office,2,16.23,13.7
ORD-000832,2025-02-24,North,Home,4,48.71,22.02
ORD-000833,2025-02-24,East,Home,5,47.44,38.89
ORD-000834,2025-02-24,West,Office,3,19.91,14.93
ORD-000835,2025-02-24,South,Home,2,44.3,36.21
ORD-000836,2025-02-25,South,Office,4,15.1,11.52
ORD-000837,2025-02-25,North,Office,3,17.97,9.18
ORD-000838,2025-02-25,North,Office,2,15.95,10.99
ORD-000839,2025-02-25,West,Technology,1,107.73,64.59
ORD-000840,2025-02-25,South,Technology,3,117.41,61.38
ORD-000841,2025-02-25,North,Home,2,44.07,36.83
ORD-000842,2025-02-25,North,Home,4,50.68,40.42
ORD-000843,2025-02-25,South,Home,1,42.07,29.18
ORD-000844,2025-02-25,East,Office,2,16.32,8.09
ORD-000845,2025-02-25,North,Home,5,50.06,28.86
ORD-000846,2025-02-25,West,Technology,3,105.85,70.78
ORD-000847,2025-02-25,South,Technology,1,137.99,109.03
ORD-000848,2025-02-25,East,Technology,3,142.3,66.74
ORD-000849,2025-02-26,West,Office,5,15.62,8.25
ORD-000850,2025-02-26,North,Technology,4,142.05,100.34
ORD-000851,2025-02-26,North,Home,4,41.97,22.02
ORD-000852,2025-02-26,West,Office,2,21.15,11.68
ORD-000853,2025-02-26,North,Office,1,19.13,13.45
ORD-000854,2025-02-26,South,Office,4,15.55,8.68
ORD-000855,2025-02-26,West,Technology,5,103.78,60.45
ORD-000856,2025-02-26,East,Home,1,44.18,23.29
ORD-000857,2025-02-26,North,Home,4,38.32,31.71
ORD-000858,2025-02-27,North,Technology,1,100.72,74.39
ORD-000859,2025-02-27,South,Office,3,20.47,15.57
ORD-000860,2025-02-27,East,Home,2,42.78,22.21
ORD-000861,2025-02-27,South,Office,2,14.86,10.49
ORD-000862,2025-02-27,East,Technology,4,131.28,104.15
ORD-000863,2025-02-27,East,Home,1,36.01,21.3
ORD-000864,2025-02-27,West,Office,1,15.29,8.91
ORD-000865,2025-02-27,East,Home,4,37.02,21.28
ORD-000866,2025-02-27,East,Technology,5,143.15,72.58
ORD-000867,2025-02-27,North,Home,1,46.81,22.87
ORD-000868,2025-02-27,North,Technology,1,105.05,72.66
ORD-000869,2025-02-27,South,Home,1,48.1,40.59
ORD-000870,2025-02-27,West,Technology,1,128.54,102.42
ORD-000871,2025-02-27,West,Technology,1,96.21,79.35
ORD-000872,2025-02-27,South,Office,3,16.25,8.44
ORD-000873,2025-02-28,North,Technology,1,137.48,77.72
ORD-000874,2025-02-28,North,Home,1,39.51,26.53
ORD-000875,2025-02-28,North,Office,4,19.06,12.81
ORD-000876,2025-02-28,North,Office,1,15.08,12.41
ORD-000877,2025-02-28,South,Office,5,21.04,14.93
ORD-000878,2025-02-28,South,Technology,3,140.56,63.46
ORD-000879,2025-02-28,East,Home,5,37.97,22.43
ORD-000880,2025-02-28,South,Home,4,48.62,33.36
ORD-000881,2025-03-01,West,Home,5,36.23,21.09
ORD-000882,2025-03-01,North,Home,5,40.94,30.87
ORD-000883,2025-03-01,North,Home,4,38.5,27.75
ORD-000884,2025-03-01,West,Technology,4,105.35,67.78
ORD-000885,2025-03-01,West,Home,1,38.02,18.63
ORD-000886,2025-03-01,East,Office,1,15.58,12.96
ORD-000887,2025-03-01,West,Home,4,42.39,34.31
ORD-000888,2025-03-01,North,Home,5,46.13,26.29
ORD-000889,2025-03-01,East,Home,2,46.01,35.46
ORD-000890,2025-03-01,West,Office,3,20.73,17.38
ORD-000891,2025-03-01,North,Office,5,16.35,7.6
ORD-000892,2025-03-01,East,Office,1,20.19,11.58
ORD-000893,2025-03-01,North,Home,1,36.77,26.78
ORD-000894,2025-03-02,East,Home,2,42.1,22.12
ORD-000895,2025-03-02,South,Technology,2,141.67,118.13
ORD-000896,2025-03-02,East,Home,4,46.71,34.28
ORD-000897,2025-03-02,North,Office,1,20.3,13.47
ORD-000898,2025-03-02,South,Office,1,16.73,11.98
ORD-000899,2025-03-02,East,Office,1,16.38,8.62
ORD-000900,2025-03-02,East,Home,4,47.5,29.38
ORD-000901,2025-03-02,East,Home,3,43.8,32.33
ORD-000902,2025-03-02,North,Office,3,18.57,11.97
ORD-000903,2025-03-02,South,Home,5,49.61,31.83
ORD-000904,2025-03-03,East,Office,4,21.6,10.13
ORD-000905,2025-03-03,East,Technology,3,97.22,46.53
ORD-000906,2025-03-03,South,Office,5,21.12,14.12
ORD-000907,2025-03-03,North,Technology,3,110.01,81.96
ORD-000908,2025-03-03,East,Home,1,37.83,21.73
ORD-000909,2025-03-03,East,Home,4,43.81,33.76
ORD-000910,2025-03-03,East,Technology,5,125.01,76.58
ORD-000911,2025-03-03,South,Home,3,45.12,37.34
ORD-000912,2025-03-03,North,Home,1,40.95,22.4
ORD-000913,2025-03-03,West,Office,2,16.93,13.6
ORD-000914,2025-03-03,South,Office,3,16.5,9.67
ORD-000915,2025-03-03,South,Technology,1,103.56,67.44
ORD-000916,2025-03-03,South,Home,4,48.09,32.98
ORD-000917,2025-03-03,South,Technology,5,114.85,57.02
ORD-000918,2025-03-03,East,Home,2,36.7,23.79
ORD-000919,2025-03-03,West,Home,5,46.09,33.24
ORD-000920,2025-03-04,West,Office,3,16.89,11.63
ORD-000921,2025-03-04,West,Home,3,41.95,29.74
ORD-000922,2025-03-04,West,Technology,3,102.48,82.71
ORD-000923,2025-03-04,East,Office,1,20.56,13.42
ORD-000924,2025-03-04,North,Home,1,43.64,35.62
ORD-000925,2025-03-04,West,Office,1,21.27,16.94
ORD-000926,2025-03-04,North,Home,3,52.6,27.93
ORD-000927,2025-03-04,North,Office,5,18.35,11.48
ORD-000928,2025-03-04,South,Technology,1,108.89,79.43
ORD-000929,2025-03-04,South,Home,2,36.51,29.97
ORD-000930,2025-03-04,North,Technology,1,99.59,72.38
ORD-000931,2025-03-04,North,Office,3,14.9,9.82
ORD-000932,2025-03-04,East,Technology,5,139.55,108.15
ORD-000933,2025-03-04,North,Office,5,16.21,7.95
ORD-000934,2025-03-04,South,Office,1,19.14,12.53
ORD-000935,2025-03-04,East,Office,4,16.56,11.56
ORD-000936,2025-03-04,North,Home,1,50.16,39.63
ORD-000937,2025-03-04,South,Home,2,42.16,25.76
ORD-000938,2025-03-04,West,Office,3,15.51,7.52
ORD-000939,2025-03-04,South,Technology,3,140.37,94.75
ORD-000940,2025-03-05,South,Technology,2,122.97,71.19
ORD-000941,2025-03-05,East,Office,2,18.69,9.81
ORD-000942,2025-03-05,South,Home,2,36.73,29.44
ORD-000943,2025-03-05,West,Home,4,48.22,28.03
ORD-000944,2025-03-05,East,Technology,4,135.44,91.25
ORD-000945,2025-03-05,East,Office,1,14.65,11.18
ORD-000946,2025-03-05,East,Technology,5,141.0,64.6
ORD-000947,2025-03-05,South,Home,3,44.12,19.97
ORD-000948,2025-03-05,North,Technology,4,109.83,84.26
ORD-000949,2025-03-05,North,Home,3,41.42,34.66
ORD-000950,2025-03-05,North,Home,3,43.91,29.46
ORD-000951,2025-03-05,West,Office,4,18.38,14.35
ORD-000952,2025-03-05,East,Office,5,20.95,14.16
ORD-000953,2025-03-05,West,Home,1,48.69,32.88
ORD-000954,2025-03-05,East,Technology,4,129.6,93.38
ORD-000955,2025-03-06,West,Office,5,18.64,14.77
ORD-000956,2025-03-06,West,Home,1,46.98,36.48
ORD-000957,2025-03-06,North,Home,2,49.65,39.31
ORD-000958,2025-03-06,South,Office,3,17.38,7.83
ORD-000959,2025-03-06,North,Office,1,19.57,12.69
ORD-000960,2025-03-06,North,Office,4,20.23,11.35
ORD-000961,2025-03-06,South,Office,1,19.49,16.34
ORD-000962,2025-03-06,South,Technology,4,140.11,97.2
ORD-000963,2025-03-06,East,Technology,5,122.08,80.37
ORD-000964,2025-03-06,South,Technology,1,137.68,82.94
ORD-000965,2025-03-06,North,Technology,4,116.75,59.71
ORD-000966,2025-03-06,South,Home,3,51.08,23.98
ORD-000967,2025-03-06,East,Technology,1,118.73,86.92
ORD-000968,2025-03-06,North,Home,2,50.32,34.56
ORD-000969,2025-03-06,East,Technology,2,110.57,73.82
ORD-000970,2025-03-06,West,Technology,2,138.52,80.62
ORD-000971,2025-03-06,West,Office,5,17.86,8.85
ORD-000972,2025-03-06,West,Technology,5,136.89,91.89
ORD-000973,2025-03-06,West,Home,2,45.35,34.9
ORD-000974,2025-03-06,North,Home,5,44.97,31.44
ORD-000975,2025-03-06,North,Office,4,19.52,15.85
ORD-000976,2025-03-07,East,Office,4,16.61,8.41
ORD-000977,2025-03-07,West,Home,2,44.02,26.62
ORD-000978,2025-03-07,West,Home,2,50.76,37.97
ORD-000979,2025-03-07,East,Home,4,49.78,30.4
ORD-000980,2025-03-07,West,Technology,5,130.68,100.66
ORD-000981,2025-03-07,West,Technology,4,119.24,67.61
ORD-000982,2025-03-07,East,Technology,2,134.59,103.96
ORD-000983,2025-03-07,East,Office,3,14.72,11.74
ORD-000984,2025-03-07,West,Technology,5,138.38,86.53
ORD-000985,2025-03-07,West,Technology,1,102.24,55.01
ORD-000986,2025-03-07,South,Office,1,21.14,10.72
ORD-000987,2025-03-07,East,Home,2,39.58,28.2
ORD-000988,2025-03-07,North,Home,4,41.9,33.78
ORD-000989,2025-03-07,North,Technology,3,129.34,66.47
ORD-000990,2025-03-07,West,Office,5,16.71,11.68
ORD-000991,2025-03-07,West,Home,1,44.12,31.65
ORD-000992,2025-03-07,South,Technology,5,122.91,88.37
ORD-000993,2025-03-07,North,Technology,2,105.11,87.88
ORD-000994,2025-03-08,West,Home,1,46.6,36.29
ORD-000995,2025-03-08,East,Home,3,50.48,28.3
ORD-000996,2025-03-08,East,Office,5,14.62,7.61
ORD-000997,2025-03-08,East,Office,2,19.84,12.02
ORD-000998,2025-03-08,West,Office,5,16.18,9.21
ORD-000999,2025-03-08,East,Technology,3,110.84,63.96
ORD-001000,2025-03-08,North,Home,1,37.49,23.12
ORD-001001,2025-03-08,South,Technology,2,98.75,80.32
ORD-001002,2025-03-08,East,Home,4,52.02,28.41
ORD-001003,2025-03-08,West,Home,2,39.8,23.96
ORD-001004,2025-03-08,South,Home,2,46.36,32.19
ORD-001005,2025-03-08,West,Technology,5,112.6,90.23
ORD-001006,2025-03-08,South,Technology,3,111.46,62.56
ORD-001007,2025-03-08,East,Technology,1,131.42,81.52
ORD-001008,2025-03-08,East,Home,1,44.77,21.84
ORD-001009,2025-03-08,West,Office,4,21.26,12.81
ORD-001010,2025-03-08,East,Office,4,14.68,7.15
ORD-001011,2025-03-08,North,Technology,5,132.09,75.26
ORD-001012,2025-03-08,West,Office,1,14.74,9.17
ORD-001013,2025-03-09,North,Office,3,19.33,9.88
ORD-001014,2025-03-09,East,Home,4,41.96,26.25
ORD-001015,2025-03-09,North,Technology,1,137.64,116.57
ORD-001016,2025-03-09,South,Technology,5,132.21,103.51
ORD-001017,2025-03-09,North,Office,5,20.17,12.91
ORD-001018,2025-03-09,North,Technology,3,126.64,100.1
ORD-001019,2025-03-09,West,Home,4,50.76,42.37
ORD-001020,2025-03-09,North,Technology,4,107.95,81.26
ORD-001021,2025-03-09,South,Office,3,20.93,14.27
ORD-001022,2025-03-09,North,Office,5,15.6,8.61
ORD-001023,2025-03-09,North,Office,4,20.13,10.76
ORD-001024,2025-03-09,East,Office,5,15.76,10.31
ORD-001025,2025-03-09,East,Home,2,48.91,39.16
ORD-001026,2025-03-09,North,Home,2,41.57,20.12
ORD-001027,2025-03-09,North,Technology,1,117.64,74.8
ORD-001028,2025-03-09,West,Technology,2,112.5,63.14
ORD-001029,2025-03-09,South,Home,1,38.97,22.63
ORD-001030,2025-03-09,West,Technology,2,100.24,47.45
ORD-001031,2025-03-09,South,Office,2,18.09,12.93
ORD-001032,2025-03-09,North,Office,5,18.94,15.81
ORD-001033,2025-03-09,North,Office,3,20.29,13.12
ORD-001034,2025-03-09,North,Technology,1,129.81,97.77
ORD-001035,2025-03-09,South,Home,3,37.53,30.89
ORD-001036,2025-03-09,West,Technology,3,106.86,87.75
ORD-001037,2025-03-10,West,Technology,1,129.51,75.1
ORD-001038,2025-03-10,South,Home,1,36.42,24.58
ORD-001039,2025-03-10,North,Home,3,47.68,29.38
ORD-001040,2025-03-10,East,Technology,1,109.13,58.13
ORD-001041,2025-03-10,West,Home,2,39.21,20.11
ORD-001042,2025-03-10,South,Home,4,47.99,39.56
ORD-001043,2025-03-10,South,Home,5,46.22,31.23
ORD-001044,2025-03-10,North,Home,3,37.11,22.49
ORD-001045,2025-03-10,West,Technology,1,109.43,86.05
ORD-001046,2025-03-10,West,Technology,4,132.89,88.42
ORD-001047,2025-03-10,East,Office,2,19.61,10.95
ORD-001048,2025-03-10,South,Office,5,16.76,11.73
ORD-001049,2025-03-10,West,Office,4,18.87,12.04
ORD-001050,2025-03-10,East,Office,3,16.49,11.94
ORD-001051,2025-03-10,East,Technology,3,134.16,97.0
ORD-001052,2025-03-10,North,Home,4,47.57,32.98
ORD-001053,2025-03-10,South,Home,2,45.15,33.06
ORD-001054,2025-03-10,East,Technology,2,107.34,66.51
ORD-001055,2025-03-10,West,Office,5,17.04,11.78
ORD-001056,2025-03-10,West,Office,5,15.98,9.99
ORD-001057,2025-03-10,North,Technology,1,99.91,46.09
ORD-001058,2025-03-10,East,Office,2,19.27,15.99
ORD-001059,2025-03-10,West,Office,1,18.46,12.89
ORD-001060,2025-03-10,East,Home,2,44.41,23.6
ORD-001061,2025-03-10,East,Home,3,38.16,23.47
ORD-001062,2025-03-10,East,Technology,5,96.09,44.01
ORD-001063,2025-03-10,West,Technology,3,130.44,95.89
ORD-001064,2025-03-10,West,Technology,5,118.25,55.07
ORD-001065,2025-03-10,South,Office,5,20.52,11.33
ORD-001066,2025-03-11,North,Technology,3,120.76,99.0
ORD-001067,2025-03-11,North,Technology,1,110.93,55.84
ORD-001068,2025-03-11,West,Office,1,15.78,12.22
ORD-001069,2025-03-11,North,Technology,1,121.46,87.14
ORD-001070,2025-03-11,West,Office,5,20.25,13.54
ORD-001071,2025-03-11,South,Technology,1,120.54,95.97
ORD-001072,2025-03-11,North,Office,2,17.18,9.83
ORD-001073,2025-03-11,North,Office,2,18.32,11.4
ORD-001074,2025-03-11,South,Office,5,15.97,9.4
ORD-001075,2025-03-11,South,Home,2,39.73,26.41
ORD-001076,2025-03-11,East,Office,1,20.37,16.58
ORD-001077,2025-03-11,North,Office,2,18.62,8.65
ORD-001078,2025-03-11,East,Office,2,17.98,10.56
ORD-001079,2025-03-12,East,Technology,5,99.51,52.38
ORD-001080,2025-03-12,South,Home,1,46.95,37.69
ORD-001081,2025-03-12,East,Home,5,37.64,21.38
ORD-001082,2025-03-12,West,Technology,5,116.42,96.37
ORD-001083,2025-03-12,North,Technology,1,99.31,83.98
ORD-001084,2025-03-12,North,Office,1,21.22,12.91
ORD-001085,2025-03-12,West,Office,1,15.33,8.58
ORD-001086,2025-03-12,West,Technology,1,112.55,73.07
ORD-001087,2025-03-12,East,Office,1,17.51,14.56
ORD-001088,2025-03-12,South,Home,3,38.61,20.42
ORD-001089,2025-03-12,East,Office,5,15.86,8.02
ORD-001090,2025-03-12,South,Home,4,44.88,21.76
ORD-001091,2025-03-12,West,Office,2,18.58,11.13
ORD-001092,2025-03-12,West,Home,2,37.29,23.74
ORD-001093,2025-03-12,South,Home,5,53.93,33.4
ORD-001094,2025-03-12,South,Technology,2,99.87,54.44
ORD-001095,2025-03-12,East,Home,5,37.71,22.09
ORD-001096,2025-03-12,North,Office,4,15.7,9.31
ORD-001097,2025-03-12,South,Technology,2,107.57,56.33
ORD-001098,2025-03-12,South,Office,1,17.97,9.25
ORD-001099,2025-03-13,East,Technology,3,140.63,95.07
ORD-001100,2025-03-13,North,Home,2,45.87,28.95
ORD-001101,2025-03-13,East,Technology,5,130.62,68.88
ORD-001102,2025-03-13,West,Home,5,41.67,32.03
ORD-001103,2025-03-13,South,Home,4,47.74,30.65
ORD-001104,2025-03-13,West,Office,3,20.92,12.39
ORD-001105,2025-03-13,North,Technology,5,122.21,74.19
ORD-001106,2025-03-13,South,Home,5,41.64,25.05
ORD-001107,2025-03-13,South,Home,3,43.96,22.16
ORD-001108,2025-03-13,South,Technology,3,140.38,77.76
ORD-001109,2025-03-13,East,Office,2,16.31,12.02
ORD-001110,2025-03-13,East,Office,4,21.24,14.21
ORD-001111,2025-03-13,West,Office,2,20.36,11.55
ORD-001112,2025-03-13,East,Technology,2,141.76,109.16
ORD-001113,2025-03-13,South,Office,4,19.47,13.33
ORD-001114,2025-03-13,East,Home,4,38.14,21.45
ORD-001115,2025-03-13,North,Technology,5,139.68,84.81
ORD-001116,2025-03-13,North,Home,3,47.65,24.77
ORD-001117,2025-03-13,East,Home,3,43.32,29.44
ORD-001118,2025-03-14,West,Office,2,17.06,12.65
ORD-001119,2025-03-14,West,Home,5,45.72,30.44
ORD-001120,2025-03-14,East,Technology,1,125.62,65.48
ORD-001121,2025-03-14,East,Office,3,19.91,10.44
ORD-001122,2025-03-14,East,Technology,2,106.53,73.13
ORD-001123,2025-03-14,North,Home,3,48.36,27.47
ORD-001124,2025-03-14,West,Technology,3,127.62,73.04
ORD-001125,2025-03-14,South,Home,5,37.72,27.96
ORD-001126,2025-03-14,West,Technology,3,139.94,80.98
ORD-001127,2025-03-14,South,Office,4,19.95,15.11
ORD-001128,2025-03-14,South,Office,3,16.33,13.0
ORD-001129,2025-03-14,West,Technology,4,119.21,91.71
ORD-001130,2025-03-14,West,Technology,2,138.58,117.6
ORD-001131,2025-03-15,West,Technology,3,134.32,99.73
ORD-001132,2025-03-15,East,Technology,3,126.09,82.48
ORD-001133,2025-03-15,North,Home,1,36.37,28.82
ORD-001134,2025-03-15,East,Office,4,19.51,11.83
ORD-001135,2025-03-15,North,Home,1,36.6,23.42
ORD-001136,2025-03-15,East,Office,1,16.24,11.79
ORD-001137,2025-03-15,West,Technology,5,115.95,77.12
ORD-001138,2025-03-15,West,Home,3,43.88,29.94
ORD-001139,2025-03-15,East,Home,1,52.34,32.99
ORD-001140,2025-03-15,North,Home,3,39.73,22.33
ORD-001141,2025-03-15,South,Office,1,17.25,9.48
ORD-001142,2025-03-15,South,Office,3,14.54,9.66
ORD-001143,2025-03-15,West,Office,2,21.33,18.09
ORD-001144,2025-03-16,West,Technology,4,122.67,103.58
ORD-001145,2025-03-16,North,Technology,1,139.14,69.7
ORD-001146,2025-03-16,West,Technology,3,129.57,105.93
ORD-001147,2025-03-16,South,Technology,5,101.0,48.26
ORD-001148,2025-03-16,East,Home,1,44.88,33.19
ORD-001149,2025-03-16,North,Technology,5,136.12,89.52
ORD-001150,2025-03-16,East,Home,5,38.11,19.82
ORD-001151,2025-03-16,East,Technology,1,105.84,52.11
ORD-001152,2025-03-16,East,Technology,4,125.49,94.17
ORD-001153,2025-03-16,East,Home,3,37.11,19.71
ORD-001154,2025-03-16,East,Office,2,19.43,12.24
ORD-001155,2025-03-16,East,Home,1,46.22,33.35
ORD-001156,2025-03-16,East,Home,5,37.28,26.98
ORD-001157,2025-03-16,East,Office,4,14.5,7.41
ORD-001158,2025-03-16,North,Office,5,15.97,11.04
ORD-001159,2025-03-17,West,Office,4,21.43,15.92
ORD-001160,2025-03-17,North,Home,1,49.91,25.89
ORD-001161,2025-03-17,West,Office,3,20.65,14.71
ORD-001162,2025-03-17,South,Office,5,20.04,12.84
ORD-001163,2025-03-17,North,Office,3,19.57,15.5
ORD-001164,2025-03-17,South,Home,1,36.37,28.01
ORD-001165,2025-03-17,West,Home,1,38.7,25.63
ORD-001166,2025-03-17,North,Home,1,51.23,23.68
ORD-001167,2025-03-17,West,Office,5,21.28,17.74
ORD-001168,2025-03-17,West,Home,2,51.98,40.38
ORD-001169,2025-03-17,North,Technology,2,120.57,93.59
ORD-001170,2025-03-17,East,Office,4,20.11,17.08
ORD-001171,2025-03-17,West,Office,4,20.21,10.81
ORD-001172,2025-03-18,South,Technology,2,137.12,100.1
ORD-001173,2025-03-18,East,Technology,1,113.06,56.75
ORD-001174,2025-03-18,South,Office,1,20.86,16.98
ORD-001175,2025-03-18,East,Technology,5,143.73,69.53
ORD-001176,2025-03-18,East,Office,1,14.87,10.2
ORD-001177,2025-03-18,South,Office,2,17.3,11.86
ORD-001178,2025-03-18,West,Office,4,18.24,11.65
ORD-001179,2025-03-18,North,Home,2,53.95,24.54
ORD-001180,2025-03-19,South,Office,5,16.88,11.83
ORD-001181,2025-03-19,North,Home,2,50.36,39.17
ORD-001182,2025-03-19,West,Home,4,36.06,29.71
ORD-001183,2025-03-19,South,Technology,4,136.97,106.79
ORD-001184,2025-03-19,East,Office,4,18.37,8.7
ORD-001185,2025-03-19,East,Technology,2,122.45,91.42
ORD-001186,2025-03-19,East,Home,5,51.12,25.08
ORD-001187,2025-03-19,South,Office,5,14.89,11.71
ORD-001188,2025-03-19,West,Office,1,14.91,6.86
ORD-001189,2025-03-19,North,Technology,5,134.96,67.46
ORD-001190,2025-03-19,East,Home,2,46.23,34.31
ORD-001191,2025-03-19,South,Office,3,19.92,13.1
ORD-001192,2025-03-20,North,Technology,4,99.28,46.74
ORD-001193,2025-03-20,South,Office,5,19.38,11.15
ORD-001194,2025-03-20,North,Technology,4,119.34,65.29
ORD-001195,2025-03-20,North,Technology,5,127.65,95.47
ORD-001196,2025-03-20,West,Technology,3,101.67,69.7
ORD-001197,2025-03-20,East,Office,1,17.51,8.71
ORD-001198,2025-03-20,East,Home,1,45.22,31.03
ORD-001199,2025-03-20,East,Home,4,49.02,39.63
ORD-001200,2025-03-20,South,Home,3,36.47,21.08
ORD-001201,2025-03-20,East,Home,1,44.49,36.31
ORD-001202,2025-03-20,North,Technology,1,110.56,81.6
ORD-001203,2025-03-20,North,Home,1,39.62,26.05
ORD-001204,2025-03-20,East,Technology,2,127.36,79.68
ORD-001205,2025-03-20,East,Office,2,19.85,15.11
ORD-001206,2025-03-20,South,Home,4,50.36,23.05
ORD-001207,2025-03-20,West,Office,5,17.77,14.53
ORD-001208,2025-03-20,West,Office,5,17.1,8.81
ORD-001209,2025-03-20,West,Office,4,14.78,7.54
ORD-001210,2025-03-20,South,Technology,4,108.34,71.93
ORD-001211,2025-03-20,East,Technology,4,96.11,54.97
ORD-001212,2025-03-20,North,Office,4,15.7,8.5
ORD-001213,2025-03-20,North,Office,3,17.13,8.65
ORD-001214,2025-03-20,West,Home,1,40.26,23.08
ORD-001215,2025-03-21,North,Home,2,50.92,28.95
ORD-001216,2025-03-21,West,Home,1,41.43,23.86
ORD-001217,2025-03-21,South,Home,3,52.42,33.19
ORD-001218,2025-03-21,West,Home,3,42.86,28.8
ORD-001219,2025-03-21,East,Technology,3,136.43,97.05
ORD-001220,2025-03-21,West,Technology,3,127.7,74.54
ORD-001221,2025-03-21,East,Technology,2,124.04,96.73
ORD-001222,2025-03-21,North,Home,3,43.58,25.31
ORD-001223,2025-03-21,South,Home,5,39.15,20.21
ORD-001224,2025-03-21,South,Home,5,47.85,26.04
ORD-001225,2025-03-21,South,Home,1,41.02,19.12
ORD-001226,2025-03-21,East,Office,4,17.97,11.94
ORD-001227,2025-03-21,East,Technology,3,135.77,86.03
ORD-001228,2025-03-21,South,Technology,4,126.52,69.16
ORD-001229,2025-03-21,South,Office,2,16.42,8.13
ORD-001230,2025-03-21,South,Technology,3,109.84,72.49
ORD-001231,2025-03-22,West,Home,1,44.62,35.36
ORD-001232,2025-03-22,West,Office,1,19.95,12.61
ORD-001233,2025-03-22,North,Technology,1,118.1,71.92
ORD-001234,2025-03-22,South,Home,1,43.41,32.67
ORD-001235,2025-03-22,West,Home,4,46.6,37.33
ORD-001236,2025-03-22,North,Office,1,15.28,8.71
ORD-001237,2025-03-22,West,Office,4,16.55,9.07
ORD-001238,2025-03-22,North,Technology,3,100.07,75.99
ORD-001239,2025-03-22,South,Technology,1,131.2,97.05
ORD-001240,2025-03-22,South,Office,2,19.31,12.94
ORD-001241,2025-03-22,South,Technology,4,111.22,71.47
ORD-001242,2025-03-22,East,Office,1,18.02,12.91
ORD-001243,2025-03-23,West,Home,1,36.88,31.2
ORD-001244,2025-03-23,East,Home,2,44.88,25.13
ORD-001245,2025-03-23,South,Technology,1,108.11,60.92
ORD-001246,2025-03-23,West,Technology,4,99.38,44.79
ORD-001247,2025-03-23,North,Office,1,16.2,12.28
ORD-001248,2025-03-23,West,Technology,1,130.76,95.65
ORD-001249,2025-03-23,South,Office,1,16.15,12.52
ORD-001250,2025-03-23,North,Home,4,38.89,29.25
ORD-001251,2025-03-23,East,Home,5,45.97,26.27
ORD-001252,2025-03-23,South,Office,1,20.71,12.34
ORD-001253,2025-03-23,South,Office,2,15.77,7.6
ORD-001254,2025-03-23,North,Technology,1,119.48,86.16
ORD-001255,2025-03-23,South,Office,4,20.52,14.75
ORD-001256,2025-03-23,East,Technology,3,132.91,108.33
ORD-001257,2025-03-23,North,Home,5,51.9,33.67
ORD-001258,2025-03-23,East,Home,2,49.14,26.27
ORD-001259,2025-03-23,South,Home,2,43.82,25.53
ORD-001260,2025-03-23,West,Home,4,43.15,35.35
ORD-001261,2025-03-23,South,Office,2,19.09,11.05
ORD-001262,2025-03-23,South,Technology,2,137.14,67.55
ORD-001263,2025-03-23,South,Home,3,51.55,37.12
ORD-001264,2025-03-23,South,Home,2,44.41,25.08
ORD-001265,2025-03-23,East,Office,3,18.36,12.02
ORD-001266,2025-03-24,South,Office,2,20.52,10.84
ORD-001267,2025-03-24,West,Home,1,40.91,23.74
ORD-001268,2025-03-24,North,Office,4,16.35,7.7
ORD-001269,2025-03-24,West,Technology,1,129.11,69.51
ORD-001270,2025-03-24,East,Home,1,39.61,25.33
ORD-001271,2025-03-24,East,Office,3,16.37,13.38
ORD-001272,2025-03-24,South,Technology,2,106.32,67.56
ORD-001273,2025-03-24,South,Home,3,50.45,25.21
ORD-001274,2025-03-24,South,Home,5,43.5,34.92
ORD-001275,2025-03-24,East,Home,3,46.34,33.57
ORD-001276,2025-03-24,West,Home,3,52.5,25.37
ORD-001277,2025-03-24,North,Office,4,17.34,10.16
ORD-001278,2025-03-25,West,Technology,2,103.56,48.05
ORD-001279,2025-03-25,West,Technology,4,127.69,63.15
ORD-001280,2025-03-25,North,Home,1,38.38,30.7
ORD-001281,2025-03-25,South,Technology,2,98.23,73.17
ORD-001282,2025-03-25,West,Technology,2,143.85,81.16
ORD-001283,2025-03-25,West,Home,4,51.42,32.84
ORD-001284,2025-03-25,West,Technology,4,107.74,85.31
ORD-001285,2025-03-25,West,Office,3,19.21,12.32
ORD-001286,2025-03-25,South,Office,4,18.18,15.29
ORD-001287,2025-03-25,West,Technology,5,112.43,56.61
ORD-001288,2025-03-25,South,Office,1,16.54,10.27
ORD-001289,2025-03-25,East,Office,3,16.89,9.26
ORD-001290,2025-03-25,West,Technology,5,125.37,84.85
ORD-001291,2025-03-25,East,Home,3,42.21,27.55
ORD-001292,2025-03-25,West,Office,3,15.47,10.32
ORD-001293,2025-03-25,West,Technology,4,125.4,73.31
ORD-001294,2025-03-25,West,Home,2,50.48,34.94
ORD-001295,2025-03-25,West,Technology,3,111.19,65.3
ORD-001296,2025-03-25,South,Technology,5,107.36,80.35
ORD-001297,2025-03-25,North,Technology,2,98.38,69.39
ORD-001298,2025-03-25,East,Home,2,39.77,30.29
ORD-001299,2025-03-25,West,Office,2,14.92,9.36
ORD-001300,2025-03-25,West,Home,5,47.11,23.29
ORD-001301,2025-03-25,East,Technology,1,121.43,78.08
ORD-001302,2025-03-26,North,Office,5,17.39,8.28
ORD-001303,2025-03-26,South,Technology,5,120.08,98.32
ORD-001304,2025-03-26,East,Office,3,18.05,10.09
ORD-001305,2025-03-26,North,Office,4,18.5,13.57
ORD-001306,2025-03-26,West,Home,2,47.59,21.5
ORD-001307,2025-03-26,West,Home,4,36.11,22.47
ORD-001308,2025-03-26,South,Home,2,37.47,26.69
ORD-001309,2025-03-26,West,Office,5,21.58,14.76
ORD-001310,2025-03-26,South,Technology,5,142.41,82.25
ORD-001311,2025-03-26,North,Technology,1,102.57,66.3
ORD-001312,2025-03-26,South,Technology,2,96.81,80.56
ORD-001313,2025-03-26,West,Office,5,15.71,10.08
ORD-001314,2025-03-26,North,Home,4,51.17,31.97
ORD-001315,2025-03-26,East,Home,2,36.83,28.58
ORD-001316,2025-03-26,East,Office,3,19.65,13.52
ORD-001317,2025-03-26,West,Office,1,18.57,13.41
ORD-001318,2025-03-26,West,Office,5,18.06,11.22
ORD-001319,2025-03-26,East,Home,4,40.25,26.82
ORD-001320,2025-03-26,West,Office,4,18.38,10.29
ORD-001321,2025-03-26,North,Office,5,19.47,11.89
ORD-001322,2025-03-26,South,Office,3,15.69,12.0
ORD-001323,2025-03-26,South,Technology,1,124.49,90.0
ORD-001324,2025-03-26,East,Home,2,49.32,38.5
ORD-001325,2025-03-26,East,Technology,5,96.52,49.46
ORD-001326,2025-03-26,West,Home,3,51.82,29.02
ORD-001327,2025-03-27,West,Home,1,38.48,19.42
ORD-001328,2025-03-27,East,Office,2,19.98,14.84
ORD-001329,2025-03-27,South,Home,5,38.26,31.75
ORD-001330,2025-03-27,North,Home,4,44.33,20.36
ORD-001331,2025-03-27,West,Office,1,18.04,10.08
ORD-001332,2025-03-27,South,Technology,4,133.21,66.09
ORD-001333,2025-03-27,West,Office,2,16.11,11.34
ORD-001334,2025-03-27,North,Office,2,17.52,12.76
ORD-001335,2025-03-27,North,Home,2,45.35,24.43
ORD-001336,2025-03-27,West,Office,2,19.3,11.49
ORD-001337,2025-03-27,East,Office,4,18.7,10.96
ORD-001338,2025-03-27,East,Office,5,20.59,10.16
ORD-001339,2025-03-27,North,Home,4,43.09,23.27
ORD-001340,2025-03-27,West,Technology,3,109.47,61.03
ORD-001341,2025-03-27,North,Technology,1,119.08,77.71
ORD-001342,2025-03-27,North,Home,4,52.0,33.78
ORD-001343,2025-03-27,West,Office,5,15.7,11.52
ORD-001344,2025-03-28,East,Technology,4,101.84,54.66
ORD-001345,2025-03-28,East,Technology,1,118.35,97.81
ORD-001346,2025-03-28,East,Office,5,16.73,12.54
ORD-001347,2025-03-28,North,Home,1,52.57,31.85
ORD-001348,2025-03-28,North,Office,2,15.56,12.48
ORD-001349,2025-03-28,West,Office,5,16.86,10.86
ORD-001350,2025-03-28,West,Home,2,48.9,36.83
ORD-001351,2025-03-28,North,Technology,2,133.8,93.98
ORD-001352,2025-03-28,South,Home,2,38.77,28.68
ORD-001353,2025-03-28,North,Technology,2,105.02,49.5
ORD-001354,2025-03-28,North,Technology,5,124.57,82.54
ORD-001355,2025-03-28,South,Office,3,18.69,13.31
ORD-001356,2025-03-28,North,Technology,2,129.17,96.45
ORD-001357,2025-03-28,East,Office,4,21.46,11.69
ORD-001358,2025-03-28,North,Home,2,51.46,30.59
ORD-001359,2025-03-28,North,Technology,4,103.62,66.79
ORD-001360,2025-03-28,East,Home,2,40.39,18.32
ORD-001361,2025-03-28,West,Home,3,41.73,29.15
ORD-001362,2025-03-28,South,Home,1,47.28,27.27
ORD-001363,2025-03-29,West,Office,3,17.75,13.75
ORD-001364,2025-03-29,East,Home,5,52.45,28.3
ORD-001365,2025-03-29,West,Office,2,15.56,9.07
ORD-001366,2025-03-29,North,Home,1,47.4,38.76
ORD-001367,2025-03-29,East,Home,2,36.12,26.42
ORD-001368,2025-03-29,North,Technology,3,113.06,60.99
ORD-001369,2025-03-29,East,Technology,5,118.62,82.57
ORD-001370,2025-03-29,North,Office,4,15.97,12.09
ORD-001371,2025-03-29,East,Office,4,14.72,11.18
ORD-001372,2025-03-29,South,Office,4,19.09,11.67
ORD-001373,2025-03-29,East,Home,1,45.57,33.74
ORD-001374,2025-03-29,East,Home,2,39.55,25.81
ORD-001375,2025-03-29,West,Technology,5,124.84,102.09
ORD-001376,2025-03-29,North,Office,5,20.45,14.35
ORD-001377,2025-03-29,North,Home,4,46.97,27.19
ORD-001378,2025-03-29,North,Office,1,18.66,8.45
ORD-001379,2025-03-29,South,Technology,4,98.23,68.37
ORD-001380,2025-03-29,West,Office,5,15.83,8.33
ORD-001381,2025-03-29,South,Office,1,19.89,10.15
ORD-001382,2025-03-29,North,Home,2,41.69,22.86
ORD-001383,2025-03-29,South,Home,5,40.13,20.61
ORD-001384,2025-03-29,South,Technology,2,143.05,88.5
ORD-001385,2025-03-29,North,Office,3,15.27,8.55
ORD-001386,2025-03-29,North,Technology,3,122.36,84.56
ORD-001387,2025-03-30,East,Technology,3,110.5,90.47
ORD-001388,2025-03-30,South,Home,4,45.23,26.82
ORD-001389,2025-03-30,West,Office,2,18.02,10.59
ORD-001390,2025-03-30,South,Home,3,44.15,37.25
ORD-001391,2025-03-30,East,Office,3,17.91,10.57
ORD-001392,2025-03-30,South,Home,1,48.91,33.38
ORD-001393,2025-03-30,West,Office,5,14.77,9.09
ORD-001394,2025-03-30,South,Technology,3,133.63,110.24
ORD-001395,2025-03-30,West,Technology,1,115.79,68.02
ORD-001396,2025-03-31,North,Technology,5,126.89,100.84
ORD-001397,2025-03-31,North,Home,4,41.3,28.73
ORD-001398,2025-03-31,East,Home,3,50.86,26.24
ORD-001399,2025-03-31,West,Technology,4,120.48,62.49
ORD-001400,2025-03-31,South,Technology,4,125.38,103.37
ORD-001401,2025-03-31,East,Home,1,52.68,39.86
ORD-001402,2025-03-31,West,Office,3,14.79,10.34
ORD-001403,2025-03-31,West,Office,2,17.51,11.75
ORD-001404,2025-03-31,North,Office,3,14.7,7.87
ORD-001405,2025-03-31,South,Technology,1,142.88,74.31
ORD-001406,2025-03-31,West,Home,3,39.95,31.95
ORD-001407,2025-03-31,North,Technology,2,98.66,53.37
ORD-001408,2025-03-31,North,Home,4,51.17,34.55
ORD-001409,2025-03-31,West,Office,2,21.09,16.53
ORD-001410,2025-03-31,South,Home,3,52.13,42.11
ORD-001411,2025-03-31,West,Technology,1,127.6,81.61
ORD-001412,2025-03-31,East,Home,1,39.91,18.02
ORD-001413,2025-03-31,West,Office,2,18.64,10.64
ORD-001414,2025-03-31,West,Office,5,21.54,10.78
ORD-001415,2025-04-01,North,Home,2,42.59,21.28
ORD-001416,2025-04-01,North,Technology,4,111.93,78.38
ORD-001417,2025-04-01,South,Technology,4,98.25,46.12
ORD-001418,2025-04-01,North,Home,1,39.46,25.72
ORD-001419,2025-04-01,North,Technology,3,127.58,57.57
ORD-001420,2025-04-01,West,Office,1,19.25,15.33
ORD-001421,2025-04-01,East,Home,3,45.55,30.93
ORD-001422,2025-04-01,East,Technology,4,125.2,62.47
ORD-001423,2025-04-01,North,Home,1,51.85,32.52
ORD-001424,2025-04-01,North,Technology,4,112.54,75.08
ORD-001425,2025-04-01,West,Technology,5,104.26,66.07
ORD-001426,2025-04-01,North,Home,1,39.06,18.39
ORD-001427,2025-04-01,South,Office,4,14.93,9.41
ORD-001428,2025-04-01,East,Home,5,40.41,32.91
ORD-001429,2025-04-01,West,Home,2,44.08,20.5
ORD-001430,2025-04-01,East,Office,1,16.51,8.11
ORD-001431,2025-04-01,North,Office,3,15.11,9.7
ORD-001432,2025-04-01,South,Home,1,43.96,19.86
ORD-001433,2025-04-01,East,Office,5,16.1,13.14
ORD-001434,2025-04-02,North,Technology,4,130.2,68.18
ORD-001435,2025-04-02,East,Office,4,17.55,8.87
ORD-001436,2025-04-02,East,Office,2,16.51,9.16
ORD-001437,2025-04-02,West,Technology,1,127.35,67.57
ORD-001438,2025-04-02,North,Office,5,15.14,9.72
ORD-001439,2025-04-02,East,Office,1,16.26,12.21
ORD-001440,2025-04-02,South,Technology,4,138.04,85.47
ORD-001441,2025-04-02,West,Technology,5,105.31,72.03
ORD-001442,2025-04-02,South,Office,5,15.52,9.27
ORD-001443,2025-04-02,East,Home,5,41.9,34.22
ORD-001444,2025-04-02,West,Technology,5,119.54,95.64
ORD-001445,2025-04-02,South,Office,3,20.59,15.5
ORD-001446,2025-04-02,South,Office,4,18.56,9.67
ORD-001447,2025-04-02,North,Office,2,21.29,17.98
ORD-001448,2025-04-02,South,Home,1,42.81,21.19
ORD-001449,2025-04-02,South,Home,5,45.99,31.89
ORD-001450,2025-04-02,North,Home,3,41.98,33.38
ORD-001451,2025-04-02,North,Office,5,19.89,16.84
ORD-001452,2025-04-02,West,Office,2,16.14,7.86
ORD-001453,2025-04-03,North,Technology,1,112.1,78.79
ORD-001454,2025-04-03,North,Home,2,53.98,28.26
ORD-001455,2025-04-03,West,Technology,5,116.42,68.55
ORD-001456,2025-04-03,North,Home,2,47.49,28.89
ORD-001457,2025-04-03,East,Office,1,21.01,12.21
ORD-001458,2025-04-03,South,Office,4,15.02,11.95
ORD-001459,2025-04-03,East,Office,3,15.45,10.67
ORD-001460,2025-04-03,South,Home,3,52.58,30.89
ORD-001461,2025-04-03,South,Office,2,19.75,10.16
ORD-001462,2025-04-03,West,Home,4,42.44,30.9
ORD-001463,2025-04-03,North,Technology,2,135.81,79.57
ORD-001464,2025-04-03,North,Home,5,36.76,25.11
ORD-001465,2025-04-03,West,Technology,4,99.33,74.45
ORD-001466,2025-04-03,South,Technology,2,127.98,104.34
ORD-001467,2025-04-03,South,Office,4,19.14,15.54
ORD-001468,2025-04-03,North,Office,3,21.08,13.0
ORD-001469,2025-04-03,West,Office,3,20.3,9.76
ORD-001470,2025-04-03,South,Office,5,15.42,12.39
ORD-001471,2025-04-03,South,Office,2,17.48,13.66
ORD-001472,2025-04-03,North,Technology,1,111.15,94.35
ORD-001473,2025-04-03,East,Technology,1,124.67,90.1
ORD-001474,2025-04-04,North,Office,5,15.96,8.58
ORD-001475,2025-04-04,North,Technology,5,133.6,72.84
ORD-001476,2025-04-04,North,Home,1,50.02,26.33
ORD-001477,2025-04-04,West,Office,2,21.1,12.77
ORD-001478,2025-04-04,East,Office,3,21.44,13.37
ORD-001479,2025-04-04,West,Office,2,16.65,12.07
ORD-001480,2025-04-04,North,Home,4,36.74,19.49
ORD-001481,2025-04-04,West,Office,1,15.46,11.47
ORD-001482,2025-04-04,East,Office,1,16.95,9.16
ORD-001483,2025-04-04,South,Office,1,16.33,9.51
ORD-001484,2025-04-04,North,Technology,4,105.06,66.97
ORD-001485,2025-04-04,East,Office,3,21.31,12.6
ORD-001486,2025-04-04,South,Home,3,42.93,32.81
ORD-001487,2025-04-04,East,Home,1,52.78,43.82
ORD-001488,2025-04-04,North,Office,5,20.29,14.01
ORD-001489,2025-04-04,West,Home,5,43.97,27.3
ORD-001490,2025-04-05,West,Office,2,20.38,16.87
ORD-001491,2025-04-05,East,Technology,2,102.2,79.46
ORD-001492,2025-04-05,West,Technology,5,131.46,73.38
ORD-001493,2025-04-05,South,Home,4,42.34,26.6
ORD-001494,2025-04-05,East,Office,3,14.44,10.82
ORD-001495,2025-04-05,East,Technology,4,140.72,73.36
ORD-001496,2025-04-05,West,Office,1,19.05,9.06
ORD-001497,2025-04-05,North,Office,1,15.2,11.34
ORD-001498,2025-04-05,West,Home,5,36.99,28.43
ORD-001499,2025-04-05,East,Office,4,18.13,12.75
ORD-001500,2025-04-05,North,Home,5,37.13,19.79
ORD-001501,2025-04-05,North,Technology,5,102.16,64.4
ORD-001502,2025-04-05,North,Home,5,46.32,21.32
ORD-001503,2025-04-05,East,Home,5,42.31,34.0
ORD-001504,2025-04-05,South,Office,5,20.97,10.64
ORD-001505,2025-04-05,West,Office,3,19.77,14.14
ORD-001506,2025-04-05,South,Home,2,40.27,31.98
ORD-001507,2025-04-05,West,Office,2,21.34,9.8
ORD-001508,2025-04-05,South,Home,1,40.59,26.49
ORD-001509,2025-04-05,East,Office,2,18.91,11.25
ORD-001510,2025-04-05,West,Technology,3,104.09,79.57
ORD-001511,2025-04-05,North,Home,4,37.82,24.1
ORD-001512,2025-04-05,West,Office,1,16.76,14.12
ORD-001513,2025-04-06,East,Office,4,18.51,10.18
ORD-001514,2025-04-06,West,Office,4,17.49,9.84
ORD-001515,2025-04-06,South,Technology,1,110.7,92.08
ORD-001516,2025-04-06,North,Home,2,50.59,39.79
ORD-001517,2025-04-06,North,Technology,3,112.64,84.58
ORD-001518,2025-04-06,East,Technology,4,110.3,65.93
ORD-001519,2025-04-06,East,Technology,4,142.17,98.01
ORD-001520,2025-04-06,East,Office,3,18.72,10.6
ORD-001521,2025-04-06,South,Home,4,47.19,29.82
ORD-001522,2025-04-06,South,Technology,1,109.82,64.8
ORD-001523,2025-04-06,East,Office,2,19.17,10.95
ORD-001524,2025-04-06,West,Technology,4,111.98,57.08
ORD-001525,2025-04-06,South,Home,4,42.55,22.12
ORD-001526,2025-04-06,South,Home,2,52.79,37.74
ORD-001527,2025-04-06,East,Technology,3,105.32,53.63
ORD-001528,2025-04-07,East,Technology,5,102.15,73.62
ORD-001529,2025-04-07,South,Home,3,49.54,29.91
ORD-001530,2025-04-07,South,Technology,4,111.57,82.19
ORD-001531,2025-04-07,South,Office,1,18.49,11.94
ORD-001532,2025-04-07,West,Home,3,47.05,36.06
ORD-001533,2025-04-07,North,Home,5,36.17,25.44
ORD-001534,2025-04-07,East,Office,3,20.99,14.27
ORD-001535,2025-04-07,West,Office,3,18.23,14.75
ORD-001536,2025-04-07,North,Home,3,52.39,35.24
ORD-001537,2025-04-07,East,Home,3,46.76,34.3
ORD-001538,2025-04-07,West,Office,4,14.74,8.32
ORD-001539,2025-04-07,North,Technology,5,126.1,78.96
ORD-001540,2025-04-07,South,Home,4,51.04,24.37
ORD-001541,2025-04-07,West,Office,3,16.64,11.58
ORD-001542,2025-04-07,South,Office,4,14.47,10.76
ORD-001543,2025-04-07,South,Office,4,14.82,9.17
ORD-001544,2025-04-07,South,Home,3,39.24,18.77
ORD-001545,2025-04-07,East,Technology,3,128.1,94.1
ORD-001546,2025-04-07,East,Home,3,36.87,22.36
ORD-001547,2025-04-07,South,Home,1,50.11,35.03
ORD-001548,2025-04-07,South,Office,3,16.04,7.74
ORD-001549,2025-04-07,West,Technology,5,104.77,65.79
ORD-001550,2025-04-07,East,Technology,2,124.36,70.33
ORD-001551,2025-04-07,East,Technology,4,139.77,70.35
ORD-001552,2025-04-07,North,Technology,3,131.84,60.14
ORD-001553,2025-04-07,North,Home,1,38.34,27.93
ORD-001554,2025-04-08,North,Home,5,47.07,27.99
ORD-001555,2025-04-08,North,Office,4,18.11,9.34
ORD-001556,2025-04-08,West,Technology,4,123.75,74.0
ORD-001557,2025-04-08,South,Technology,5,113.9,77.86
ORD-001558,2025-04-08,South,Home,1,43.57,20.82
ORD-001559,2025-04-08,East,Office,1,19.94,13.33
ORD-001560,2025-04-08,East,Technology,3,101.07,80.07
ORD-001561,2025-04-08,North,Home,1,41.24,33.42
ORD-001562,2025-04-08,North,Home,1,51.37,40.04
ORD-001563,2025-04-08,East,Home,5,37.14,24.68
ORD-001564,2025-04-08,South,Technology,5,115.9,91.07
ORD-001565,2025-04-08,East,Technology,3,125.57,84.16
ORD-001566,2025-04-08,South,Technology,4,143.18,70.4
ORD-001567,2025-04-08,East,Office,2,20.35,9.96
ORD-001568,2025-04-08,North,Technology,4,100.82,47.96
ORD-001569,2025-04-08,East,Home,5,52.0,41.74
ORD-001570,2025-04-08,South,Technology,2,127.22,103.37
ORD-001571,2025-04-08,West,Home,3,40.96,29.59
ORD-001572,2025-04-08,South,Technology,1,138.99,115.49
ORD-001573,2025-04-08,North,Technology,1,128.07,77.14
ORD-001574,2025-04-08,East,Technology,4,130.54,99.88
ORD-001575,2025-04-08,South,Home,3,48.24,25.24
ORD-001576,2025-04-09,West,Home,4,42.88,32.21
ORD-001577,2025-04-09,East,Home,2,46.97,30.4
ORD-001578,2025-04-09,East,Home,1,40.31,19.43
ORD-001579,2025-04-09,South,Home,2,49.4,31.52
ORD-001580,2025-04-09,South,Technology,2,115.84,80.69
ORD-001581,2025-04-09,West,Office,5,19.77,15.82
ORD-001582,2025-04-09,South,Technology,3,107.65,58.06
ORD-001583,2025-04-09,East,Office,4,19.5,14.42
ORD-001584,2025-04-09,West,Office,5,15.03,12.74
ORD-001585,2025-04-09,West,Home,3,51.59,38.44
ORD-001586,2025-04-09,South,Home,5,51.83,40.15
ORD-001587,2025-04-09,West,Technology,1,135.36,68.08
ORD-001588,2025-04-09,South,Technology,4,101.48,71.05
ORD-001589,2025-04-09,North,Office,3,20.93,12.74
ORD-001590,2025-04-09,South,Office,4,17.38,13.11
ORD-001591,2025-04-09,North,Technology,2,120.42,88.16
ORD-001592,2025-04-09,West,Technology,1,135.86,102.16
ORD-001593,2025-04-09,North,Technology,4,99.59,73.36
ORD-001594,2025-04-09,North,Technology,4,121.13,69.06
ORD-001595,2025-04-09,East,Office,2,16.93,12.33
ORD-001596,2025-04-09,West,Office,4,20.49,10.65
ORD-001597,2025-04-09,West,Office,3,15.54,8.54
ORD-001598,2025-04-09,North,Technology,4,121.22,87.08
ORD-001599,2025-04-09,West,Technology,2,111.98,75.0
ORD-001600,2025-04-09,South,Office,5,15.09,9.88
ORD-001601,2025-04-09,West,Technology,2,105.53,61.54
ORD-001602,2025-04-09,North,Office,3,16.35,10.38
ORD-001603,2025-04-09,South,Home,5,52.94,25.94
ORD-001604,2025-04-09,North,Home,5,50.14,39.88
ORD-001605,2025-04-09,East,Home,3,40.52,31.54
ORD-001606,2025-04-09,North,Home,3,46.47,31.22
ORD-001607,2025-04-09,West,Technology,3,124.88,88.47
ORD-001608,2025-04-09,South,Home,4,49.22,28.69
ORD-001609,2025-04-10,East,Home,4,39.51,22.35
ORD-001610,2025-04-10,West,Office,1,15.26,7.88
ORD-001611,2025-04-10,West,Home,3,46.93,34.49
ORD-001612,2025-04-10,East,Home,2,41.06,22.15
ORD-001613,2025-04-10,South,Office,2,21.31,9.95
ORD-001614,2025-04-10,West,Office,1,16.28,12.81
ORD-001615,2025-04-10,East,Technology,5,142.39,93.56
ORD-001616,2025-04-10,North,Office,1,20.5,15.6
ORD-001617,2025-04-10,East,Home,3,51.13,24.26
ORD-001618,2025-04-10,North,Office,1,20.4,10.31
ORD-001619,2025-04-10,South,Technology,2,118.31,83.31
ORD-001620,2025-04-10,North,Technology,2,125.93,63.4
ORD-001621,2025-04-10,South,Technology,3,101.03,56.48
ORD-001622,2025-04-10,North,Office,3,16.3,12.54
ORD-001623,2025-04-10,South,Technology,2,137.7,87.62
ORD-001624,2025-04-10,East,Home,4,36.17,20.65
ORD-001625,2025-04-10,North,Home,3,39.05,30.34
ORD-001626,2025-04-10,East,Technology,1,138.12,116.99
ORD-001627,2025-04-10,East,Office,3,16.63,9.26
ORD-001628,2025-04-10,East,Home,2,45.95,27.92
ORD-001629,2025-04-10,North,Office,2,20.42,14.04
ORD-001630,2025-04-10,West,Technology,5,103.09,47.93
ORD-001631,2025-04-10,West,Office,3,14.81,8.85
ORD-001632,2025-04-10,South,Technology,2,127.3,80.49
ORD-001633,2025-04-10,West,Office,3,14.73,10.41
ORD-001634,2025-04-11,West,Office,2,19.21,8.76
ORD-001635,2025-04-11,East,Home,1,44.96,32.72
ORD-001636,2025-04-11,East,Home,4,40.33,22.77
ORD-001637,2025-04-11,North,Office,2,20.15,9.44
ORD-001638,2025-04-11,West,Office,5,18.26,15.29
ORD-001639,2025-04-11,East,Technology,2,132.27,68.0
ORD-001640,2025-04-11,South,Office,3,19.19,12.77
ORD-001641,2025-04-11,South,Home,4,42.06,25.09
ORD-001642,2025-04-11,West,Technology,2,98.05,81.38
ORD-001643,2025-04-11,West,Technology,3,101.2,84.54
ORD-001644,2025-04-11,South,Technology,3,139.58,83.82
ORD-001645,2025-04-11,North,Technology,1,135.16,105.09
ORD-001646,2025-04-11,East,Technology,1,117.86,79.87
ORD-001647,2025-04-11,East,Office,1,14.84,10.57
ORD-001648,2025-04-11,West,Office,4,20.55,16.29
ORD-001649,2025-04-11,South,Office,5,19.46,13.63
ORD-001650,2025-04-11,North,Home,1,38.17,19.56
ORD-001651,2025-04-11,South,Office,4,19.76,16.63
ORD-001652,2025-04-11,North,Technology,1,138.88,111.29
ORD-001653,2025-04-11,South,Home,4,51.68,25.67
ORD-001654,2025-04-11,East,Home,1,52.63,31.44
ORD-001655,2025-04-12,East,Home,2,53.89,43.92
ORD-001656,2025-04-12,North,Technology,2,109.66,68.03
ORD-001657,2025-04-12,West,Office,4,14.44,12.25
ORD-001658,2025-04-12,West,Technology,2,121.38,73.69
ORD-001659,2025-04-12,East,Office,3,16.32,10.16
ORD-001660,2025-04-12,East,Office,5,18.32,9.89
ORD-001661,2025-04-12,East,Home,5,36.69,24.88
ORD-001662,2025-04-12,East,Home,5,50.55,35.59
ORD-001663,2025-04-12,West,Technology,5,103.42,60.29
ORD-001664,2025-04-12,West,Office,3,20.66,11.17
ORD-001665,2025-04-12,West,Home,2,38.46,18.08
ORD-001666,2025-04-12,East,Technology,1,96.62,74.82
ORD-001667,2025-04-12,North,Home,4,47.27,22.57
ORD-001668,2025-04-12,East,Office,1,20.56,9.52
ORD-001669,2025-04-12,North,Home,5,37.5,28.88
ORD-001670,2025-04-12,East,Home,2,44.85,26.44
ORD-001671,2025-04-12,North,Home,1,37.19,25.9
ORD-001672,2025-04-12,East,Home,5,46.93,28.15
ORD-001673,2025-04-12,East,Office,1,18.27,9.24
ORD-001674,2025-04-13,West,Office,5,20.48,12.74
ORD-001675,2025-04-13,South,Technology,1,143.03,85.4
ORD-001676,2025-04-13,North,Home,1,46.81,28.23
ORD-001677,2025-04-13,West,Office,3,21.25,16.05
ORD-001678,2025-04-13,North,Office,1,17.18,13.66
ORD-001679,2025-04-13,East,Office,3,14.8,10.73
ORD-001680,2025-04-13,South,Office,1,16.86,9.73
ORD-001681,2025-04-13,East,Office,5,14.44,7.17
ORD-001682,2025-04-13,West,Office,4,16.47,12.19
ORD-001683,2025-04-13,West,Home,5,41.93,34.92
ORD-001684,2025-04-13,South,Home,1,39.43,24.76
ORD-001685,2025-04-13,East,Technology,4,103.52,73.09
ORD-001686,2025-04-13,North,Home,4,47.02,35.7
ORD-001687,2025-04-13,West,Technology,5,140.08,108.13
ORD-001688,2025-04-13,East,Technology,2,130.61,73.56
ORD-001689,2025-04-13,West,Technology,3,100.66,47.03
ORD-001690,2025-04-13,West,Office,5,14.43,10.47
ORD-001691,2025-04-13,North,Home,1,42.14,33.99
ORD-001692,2025-04-13,North,Office,4,19.1,12.11
ORD-001693,2025-04-13,West,Technology,4,129.53,80.3
ORD-001694,2025-04-13,South,Technology,3,114.83,71.22
ORD-001695,2025-04-14,West,Technology,5,97.76,75.72
ORD-001696,2025-04-14,North,Office,1,19.16,14.2
ORD-001697,2025-04-14,North,Home,4,40.73,28.28
ORD-001698,2025-04-14,East,Office,1,20.45,10.8
ORD-001699,2025-04-14,West,Office,1,14.72,11.27
ORD-001700,2025-04-14,South,Office,3,15.47,13.09
ORD-001701,2025-04-14,North,Home,2,44.97,23.58
ORD-001702,2025-04-14,South,Office,4,15.46,9.4
ORD-001703,2025-04-14,West,Home,1,36.57,16.93
ORD-001704,2025-04-14,West,Technology,2,132.0,91.01
ORD-001705,2025-04-14,East,Technology,4,103.46,75.34
ORD-001706,2025-04-14,North,Office,3,15.81,9.93
ORD-001707,2025-04-14,East,Technology,1,123.12,80.51
ORD-001708,2025-04-14,South,Home,3,38.04,21.86
ORD-001709,2025-04-14,West,Home,3,43.81,28.3
ORD-001710,2025-04-14,South,Technology,2,135.29,79.93
ORD-001711,2025-04-14,East,Home,5,43.57,34.21
ORD-001712,2025-04-14,South,Technology,4,123.16,64.15
ORD-001713,2025-04-15,South,Home,2,53.34,32.08
ORD-001714,2025-04-15,East,Office,2,20.4,12.68
ORD-001715,2025-04-15,West,Home,3,52.43,37.24
ORD-001716,2025-04-15,South,Technology,3,101.32,55.54
ORD-001717,2025-04-15,South,Home,4,38.49,28.17
ORD-001718,2025-04-15,West,Home,5,44.16,21.19
ORD-001719,2025-04-15,South,Home,1,36.67,23.27
ORD-001720,2025-04-15,North,Home,3,39.98,18.4
ORD-001721,2025-04-15,East,Home,4,49.09,34.98
ORD-001722,2025-04-15,West,Home,1,49.5,37.52
ORD-001723,2025-04-15,West,Technology,3,114.7,90.09
ORD-001724,2025-04-15,South,Home,3,46.09,38.6
ORD-001725,2025-04-15,West,Home,3,52.03,42.74
ORD-001726,2025-04-15,South,Technology,5,139.57,70.16
ORD-001727,2025-04-15,South,Home,5,50.48,28.35
ORD-001728,2025-04-16,South,Office,3,18.0,9.27
ORD-001729,2025-04-16,North,Office,1,15.04,11.87
ORD-001730,2025-04-16,East,Technology,4,112.77,57.82
ORD-001731,2025-04-16,South,Home,5,53.14,38.62
ORD-001732,2025-04-16,East,Home,3,45.1,33.04
ORD-001733,2025-04-16,West,Technology,5,124.82,75.07
ORD-001734,2025-04-16,West,Home,1,51.57,35.53
ORD-001735,2025-04-16,East,Office,4,20.5,12.53
ORD-001736,2025-04-16,West,Office,3,16.2,13.5
ORD-001737,2025-04-16,North,Home,5,44.45,26.74
ORD-001738,2025-04-16,North,Technology,2,116.52,59.47
ORD-001739,2025-04-16,North,Office,5,20.69,16.6
ORD-001740,2025-04-16,West,Technology,2,117.69,82.99
ORD-001741,2025-04-16,South,Technology,3,130.9,94.97
ORD-001742,2025-04-16,North,Office,5,19.96,15.08
ORD-001743,2025-04-16,West,Office,5,16.37,9.52
ORD-001744,2025-04-16,East,Office,3,21.19,13.54
ORD-001745,2025-04-16,West,Office,5,19.0,9.53
ORD-001746,2025-04-16,South,Office,2,20.66,12.87
ORD-001747,2025-04-16,East,Home,1,45.96,36.88
ORD-001748,2025-04-16,West,Technology,5,98.48,72.04
ORD-001749,2025-04-16,West,Technology,2,105.81,84.68
ORD-001750,2025-04-16,South,Home,3,41.25,30.21
ORD-001751,2025-04-16,South,Home,3,47.85,24.85
ORD-001752,2025-04-16,North,Technology,2,138.12,69.25
ORD-001753,2025-04-16,South,Technology,3,105.68,74.02
ORD-001754,2025-04-16,East,Home,1,41.74,28.82
ORD-001755,2025-04-16,South,Home,3,50.28,33.83
ORD-001756,2025-04-16,South,Home,1,50.65,27.0
ORD-001757,2025-04-16,East,Home,1,45.44,33.61
ORD-001758,2025-04-16,East,Home,2,53.32,37.84
ORD-001759,2025-04-16,East,Home,2,36.32,22.65
ORD-001760,2025-04-17,East,Technology,3,103.56,55.01
ORD-001761,2025-04-17,South,Home,1,48.44,32.03
ORD-001762,2025-04-17,West,Office,4,19.22,9.27
ORD-001763,2025-04-17,East,Technology,2,101.49,64.62
ORD-001764,2025-04-17,South,Office,3,15.38,9.64
ORD-001765,2025-04-17,East,Home,3,52.5,31.78
ORD-001766,2025-04-17,South,Office,2,18.05,14.29
ORD-001767,2025-04-17,North,Home,4,44.91,35.26
ORD-001768,2025-04-17,South,Technology,2,135.01,69.02
ORD-001769,2025-04-17,North,Home,1,44.44,33.52
ORD-001770,2025-04-17,East,Technology,2,110.18,71.21
ORD-001771,2025-04-17,West,Office,5,19.2,12.27
ORD-001772,2025-04-17,South,Technology,3,130.74,96.11
ORD-001773,2025-04-17,East,Technology,2,131.46,73.18
ORD-001774,2025-04-17,West,Technology,5,122.69,67.46
ORD-001775,2025-04-17,North,Technology,4,141.79,86.58
ORD-001776,2025-04-17,South,Technology,5,125.15,84.77
ORD-001777,2025-04-17,East,Office,5,14.73,9.12
ORD-001778,2025-04-17,West,Technology,2,107.85,81.21
ORD-001779,2025-04-17,West,Home,4,51.63,43.35
ORD-001780,2025-04-17,South,Technology,2,138.65,98.94
ORD-001781,2025-04-17,East,Office,2,21.54,15.42
ORD-001782,2025-04-17,North,Home,1,51.28,40.47
ORD-001783,2025-04-17,East,Home,2,43.96,26.36
ORD-001784,2025-04-17,North,Office,5,18.62,10.81
ORD-001785,2025-04-17,North,Home,5,51.79,24.15
ORD-001786,2025-04-17,West,Technology,1,141.25,96.83
ORD-001787,2025-04-17,North,Technology,1,133.75,69.78
ORD-001788,2025-04-17,East,Home,1,49.54,31.6
ORD-001789,2025-04-17,North,Office,4,19.09,10.91
ORD-001790,2025-04-18,East,Home,5,42.16,24.08
ORD-001791,2025-04-18,East,Home,2,45.23,25.31
ORD-001792,2025-04-18,West,Home,4,53.86,25.33
ORD-001793,2025-04-18,West,Office,3,15.64,10.71
ORD-001794,2025-04-18,South,Home,4,45.1,36.39
ORD-001795,2025-04-18,East,Home,4,52.61,29.12
ORD-001796,2025-04-18,South,Office,1,20.49,13.81
ORD-001797,2025-04-18,North,Home,2,41.04,22.41
ORD-001798,2025-04-18,South,Technology,1,136.31,70.06
ORD-001799,2025-04-19,East,Technology,4,138.02,87.09
ORD-001800,2025-04-19,East,Home,1,42.35,35.05
ORD-001801,2025-04-19,West,Office,4,19.37,12.6
ORD-001802,2025-04-19,South,Office,5,18.84,13.75
ORD-001803,2025-04-19,North,Home,2,47.61,29.67
ORD-001804,2025-04-19,East,Office,3,18.9,14.23
ORD-001805,2025-04-19,South,Office,2,21.31,14.72
ORD-001806,2025-04-19,East,Technology,1,131.97,84.67
ORD-001807,2025-04-19,West,Technology,1,96.17,76.51
ORD-001808,2025-04-19,North,Technology,2,120.66,87.74
ORD-001809,2025-04-19,West,Office,5,20.18,11.9
ORD-001810,2025-04-19,South,Technology,2,107.73,52.5
ORD-001811,2025-04-19,West,Home,5,36.31,20.29
ORD-001812,2025-04-19,South,Home,4,38.88,19.14
ORD-001813,2025-04-19,South,Office,3,15.99,7.26
ORD-001814,2025-04-19,West,Home,2,48.87,31.95
ORD-001815,2025-04-19,East,Home,4,53.74,33.04
ORD-001816,2025-04-19,South,Home,2,51.33,28.58
ORD-001817,2025-04-20,East,Home,4,43.7,35.57
ORD-001818,2025-04-20,North,Home,3,47.55,25.23
ORD-001819,2025-04-20,North,Office,4,19.28,15.47
ORD-001820,2025-04-20,East,Home,4,46.43,25.78
ORD-001821,2025-04-20,East,Office,2,19.46,11.76
ORD-001822,2025-04-20,North,Technology,5,97.14,51.72
ORD-001823,2025-04-20,West,Technology,1,126.16,60.41
ORD-001824,2025-04-20,South,Home,5,36.46,20.95
ORD-001825,2025-04-20,North,Technology,4,143.48,94.7
ORD-001826,2025-04-20,South,Technology,2,121.0,83.48
ORD-001827,2025-04-20,South,Technology,2,133.83,78.02
ORD-001828,2025-04-20,West,Office,1,20.76,16.4
ORD-001829,2025-04-20,West,Technology,4,130.35,83.53
ORD-001830,2025-04-20,South,Technology,5,105.23,62.82
ORD-001831,2025-04-20,West,Home,3,45.18,32.68
ORD-001832,2025-04-20,West,Office,3,15.39,12.41
ORD-001833,2025-04-20,East,Office,3,17.69,14.24
ORD-001834,2025-04-20,East,Office,5,18.68,10.07
ORD-001835,2025-04-20,West,Home,5,52.96,35.65
ORD-001836,2025-04-20,North,Technology,3,118.82,56.26
ORD-001837,2025-04-20,South,Home,2,50.73,28.5
ORD-001838,2025-04-20,West,Office,1,16.87,12.46
ORD-001839,2025-04-20,North,Office,2,16.09,13.54
ORD-001840,2025-04-20,West,Office,3,15.28,9.9
ORD-001841,2025-04-21,North,Office,1,15.53,12.31
ORD-001842,2025-04-21,East,Home,4,41.6,29.15
ORD-001843,2025-04-21,South,Office,3,19.73,13.81
ORD-001844,2025-04-21,South,Technology,2,117.57,70.73
ORD-001845,2025-04-21,West,Office,2,15.33,9.29
ORD-001846,2025-04-21,West,Office,2,14.65,11.0
ORD-001847,2025-04-21,North,Home,3,50.51,39.99
ORD-001848,2025-04-21,West,Office,1,20.13,16.93
ORD-001849,2025-04-21,East,Home,2,46.74,27.24
ORD-001850,2025-04-21,East,Technology,2,124.73,59.15
ORD-001851,2025-04-21,East,Technology,2,100.55,69.82
ORD-001852,2025-04-21,South,Home,3,45.47,33.05
ORD-001853,2025-04-21,East,Home,1,40.88,33.28
ORD-001854,2025-04-21,South,Technology,1,117.04,90.06
ORD-001855,2025-04-21,South,Home,5,43.45,20.32
ORD-001856,2025-04-22,North,Home,2,48.2,34.08
ORD-001857,2025-04-22,South,Home,3,44.56,27.04
ORD-001858,2025-04-22,East,Technology,3,112.73,71.68
ORD-001859,2025-04-22,South,Technology,3,120.79,73.44
ORD-001860,2025-04-22,East,Office,2,18.35,13.56
ORD-001861,2025-04-22,West,Home,3,42.91,20.35
ORD-001862,2025-04-22,East,Office,3,19.12,12.07
ORD-001863,2025-04-22,North,Office,2,19.86,11.91
ORD-001864,2025-04-22,East,Technology,4,111.7,76.26
ORD-001865,2025-04-22,North,Home,3,46.0,24.2
ORD-001866,2025-04-22,South,Technology,1,122.67,75.18
ORD-001867,2025-04-22,North,Home,5,44.88,36.08
ORD-001868,2025-04-22,South,Office,3,19.96,16.57
ORD-001869,2025-04-22,West,Technology,4,133.83,75.52
ORD-001870,2025-04-22,East,Home,1,42.09,27.39
ORD-001871,2025-04-22,East,Office,3,18.97,9.47
ORD-001872,2025-04-22,West,Home,4,53.44,44.07
ORD-001873,2025-04-22,West,Home,4,36.6,24.64
ORD-001874,2025-04-22,North,Office,5,14.51,10.13
ORD-001875,2025-04-22,North,Home,3,44.89,24.82
ORD-001876,2025-04-22,West,Office,3,21.41,11.02
ORD-001877,2025-04-23,South,Office,4,20.85,17.64
ORD-001878,2025-04-23,East,Technology,2,130.7,90.25
ORD-001879,2025-04-23,East,Technology,1,106.64,56.6
ORD-001880,2025-04-23,West,Office,5,21.27,12.73
ORD-001881,2025-04-23,North,Office,2,17.34,10.14
ORD-001882,2025-04-23,East,Home,2,40.2,21.55
ORD-001883,2025-04-23,East,Home,5,39.91,19.32
ORD-001884,2025-04-23,West,Technology,3,111.59,66.04
ORD-001885,2025-04-23,North,Home,3,36.78,24.84
ORD-001886,2025-04-23,West,Office,3,19.3,12.07
ORD-001887,2025-04-23,West,Home,3,40.08,18.45
ORD-001888,2025-04-24,South,Office,1,15.18,10.79
ORD-001889,2025-04-24,West,Office,4,20.17,16.8
ORD-001890,2025-04-24,North,Technology,2,116.43,80.74
ORD-001891,2025-04-24,North,Office,3,18.88,8.98
ORD-001892,2025-04-24,East,Home,1,39.78,19.87
ORD-001893,2025-04-24,South,Technology,5,96.66,80.13
ORD-001894,2025-04-24,South,Office,3,16.99,12.37
ORD-001895,2025-04-24,West,Technology,4,118.93,88.98
ORD-001896,2025-04-24,South,Technology,5,134.81,80.63
ORD-001897,2025-04-24,North,Office,3,18.74,13.98
ORD-001898,2025-04-24,South,Office,5,19.8,11.68
ORD-001899,2025-04-24,North,Home,4,41.05,30.81
ORD-001900,2025-04-24,North,Office,3,20.1,13.14
ORD-001901,2025-04-24,West,Office,2,15.62,12.73
ORD-001902,2025-04-24,East,Home,5,41.56,22.72
ORD-001903,2025-04-24,North,Office,2,18.53,13.11
ORD-001904,2025-04-24,East,Technology,5,129.92,87.75
ORD-001905,2025-04-24,East,Office,2,16.35,10.59
ORD-001906,2025-04-25,South,Technology,4,114.37,84.57
ORD-001907,2025-04-25,North,Technology,5,130.33,89.69
ORD-001908,2025-04-25,West,Technology,1,142.42,100.09
ORD-001909,2025-04-25,North,Office,2,17.84,11.95
ORD-001910,2025-04-25,East,Home,5,42.57,25.23
ORD-001911,2025-04-25,East,Office,3,18.55,9.06
ORD-001912,2025-04-25,East,Office,3,18.47,9.59
ORD-001913,2025-04-25,North,Office,4,18.48,10.99
ORD-001914,2025-04-25,South,Technology,5,107.94,72.8
ORD-001915,2025-04-25,East,Technology,5,135.39,103.49
ORD-001916,2025-04-25,North,Home,5,48.69,40.72
ORD-001917,2025-04-25,West,Office,5,19.92,13.98
ORD-001918,2025-04-25,South,Home,1,46.76,21.14
ORD-001919,2025-04-25,East,Office,1,15.32,12.45
ORD-001920,2025-04-25,South,Home,4,45.34,35.61
ORD-001921,2025-04-25,North,Technology,5,114.79,85.73
ORD-001922,2025-04-25,East,Technology,5,131.67,90.78
ORD-001923,2025-04-25,North,Home,4,52.02,40.3
ORD-001924,2025-04-25,West,Office,1,14.79,9.78
ORD-001925,2025-04-25,East,Office,3,21.43,15.8
ORD-001926,2025-04-25,South,Home,5,40.38,24.33
ORD-001927,2025-04-26,North,Home,3,53.76,31.44
ORD-001928,2025-04-26,North,Technology,1,119.17,78.52
ORD-001929,2025-04-26,North,Home,4,40.52,32.82
ORD-001930,2025-04-26,North,Office,2,14.41,7.69
ORD-001931,2025-04-26,East,Office,3,15.6,7.66
ORD-001932,2025-04-26,West,Office,5,19.72,16.18
ORD-001933,2025-04-27,East,Office,1,16.07,13.42
ORD-001934,2025-04-27,West,Technology,2,114.33,74.77
ORD-001935,2025-04-27,West,Office,2,21.45,12.82
ORD-001936,2025-04-27,East,Home,1,43.73,26.37
ORD-001937,2025-04-27,South,Home,5,38.53,23.61
ORD-001938,2025-04-27,South,Office,1,15.63,8.74
ORD-001939,2025-04-27,East,Home,1,42.78,31.57
ORD-001940,2025-04-27,West,Technology,3,141.47,103.71
ORD-001941,2025-04-27,North,Home,4,39.91,26.42
ORD-001942,2025-04-27,West,Home,3,50.34,27.24
ORD-001943,2025-04-27,South,Office,2,15.23,11.78
ORD-001944,2025-04-27,West,Technology,4,136.27,72.67
ORD-001945,2025-04-27,North,Technology,1,132.32,73.92
ORD-001946,2025-04-27,South,Technology,2,104.69,67.2
ORD-001947,2025-04-27,North,Technology,3,136.17,98.11
ORD-001948,2025-04-27,North,Technology,3,108.65,63.47
ORD-001949,2025-04-27,East,Home,5,36.18,19.99
ORD-001950,2025-04-27,South,Office,1,18.52,10.34
ORD-001951,2025-04-27,East,Office,5,19.02,11.13
ORD-001952,2025-04-27,South,Office,5,15.46,10.57
ORD-001953,2025-04-27,North,Technology,4,121.5,98.24
ORD-001954,2025-04-27,West,Technology,4,114.37,61.98
ORD-001955,2025-04-28,East,Office,3,21.28,12.05
ORD-001956,2025-04-28,South,Technology,2,143.89,91.16
ORD-001957,2025-04-28,South,Technology,5,110.62,79.23
ORD-001958,2025-04-28,South,Office,3,15.34,8.8
ORD-001959,2025-04-28,North,Office,3,15.38,11.3
ORD-001960,2025-04-28,North,Home,3,38.81,28.53
ORD-001961,2025-04-28,South,Home,4,37.71,27.89
ORD-001962,2025-04-28,West,Technology,4,112.29,83.24
ORD-001963,2025-04-28,North,Home,1,46.05,39.13
ORD-001964,2025-04-28,South,Technology,5,123.77,92.54
ORD-001965,2025-04-28,South,Office,3,21.27,10.98
ORD-001966,2025-04-28,West,Home,3,46.55,31.57
ORD-001967,2025-04-28,South,Office,1,21.11,15.56
ORD-001968,2025-04-28,West,Office,3,15.82,7.26
ORD-001969,2025-04-28,North,Home,1,45.82,32.52
ORD-001970,2025-04-28,East,Technology,1,113.2,56.17
ORD-001971,2025-04-28,South,Technology,3,140.27,77.65
ORD-001972,2025-04-28,West,Home,4,43.86,26.0
ORD-001973,2025-04-28,East,Home,5,43.25,25.08
ORD-001974,2025-04-28,North,Home,4,38.93,25.72
ORD-001975,2025-04-28,West,Office,1,18.39,14.13
ORD-001976,2025-04-28,North,Office,1,21.28,17.1
ORD-001977,2025-04-29,West,Home,5,42.19,35.56
ORD-001978,2025-04-29,South,Home,3,46.92,31.32
ORD-001979,2025-04-29,East,Home,2,39.13,25.66
ORD-001980,2025-04-29,South,Office,4,20.07,13.86
ORD-001981,2025-04-29,South,Office,5,14.89,10.96
ORD-001982,2025-04-29,East,Technology,1,109.21,58.49
ORD-001983,2025-04-29,East,Office,4,18.17,12.97
ORD-001984,2025-04-29,North,Home,1,37.89,21.89
ORD-001985,2025-04-29,East,Technology,5,143.46,77.3
ORD-001986,2025-04-29,North,Home,2,39.54,27.38
ORD-001987,2025-04-29,South,Office,3,17.02,10.94
ORD-001988,2025-04-29,South,Office,3,20.49,11.6
ORD-001989,2025-04-29,North,Office,1,20.3,17.15
ORD-001990,2025-04-29,East,Office,1,20.73,15.85
ORD-001991,2025-04-29,North,Technology,3,121.67,96.29
ORD-001992,2025-04-29,North,Office,3,18.8,8.83
ORD-001993,2025-04-29,West,Home,5,52.34,24.62
ORD-001994,2025-04-29,West,Technology,5,138.43,92.56
ORD-001995,2025-04-29,East,Home,1,46.12,26.66
ORD-001996,2025-04-29,West,Home,5,47.32,28.07
ORD-001997,2025-04-29,South,Home,2,52.53,28.67
ORD-001998,2025-04-29,East,Home,4,48.78,29.61
ORD-001999,2025-04-29,North,Office,3,18.81,13.87
ORD-002000,2025-04-30,East,Technology,5,102.37,83.47
ORD-002001,2025-04-30,South,Office,2,15.24,8.0
ORD-002002,2025-04-30,East,Office,2,17.05,13.33
ORD-002003,2025-04-30,East,Technology,4,127.02,92.07
ORD-002004,2025-04-30,North,Technology,5,99.8,70.58
ORD-002005,2025-04-30,West,Home,1,47.87,30.68
ORD-002006,2025-04-30,South,Technology,3,121.5,58.2
ORD-002007,2025-04-30,South,Technology,1,102.07,61.72
ORD-002008,2025-04-30,East,Office,3,16.42,11.45
ORD-002009,2025-04-30,West,Home,5,39.11,32.79
ORD-002010,2025-04-30,North,Technology,2,118.01,55.35
ORD-002011,2025-04-30,East,Technology,5,114.86,85.26
ORD-002012,2025-05-01,East,Technology,2,116.58,72.34
ORD-002013,2025-05-01,East,Office,3,20.78,14.82
ORD-002014,2025-05-01,South,Office,5,17.2,12.16
ORD-002015,2025-05-01,West,Technology,4,102.34,68.44
ORD-002016,2025-05-01,North,Technology,5,109.68,51.74
ORD-002017,2025-05-01,West,Office,1,18.27,11.71
ORD-002018,2025-05-01,West,Office,1,16.3,7.58
ORD-002019,2025-05-01,East,Office,4,21.26,13.73
ORD-002020,2025-05-01,South,Office,4,17.17,8.7
ORD-002021,2025-05-01,West,Home,3,47.81,36.24
ORD-002022,2025-05-01,West,Office,5,20.86,10.92
ORD-002023,2025-05-01,East,Home,5,39.05,31.85
ORD-002024,2025-05-01,West,Technology,2,140.42,110.39
ORD-002025,2025-05-01,North,Technology,2,135.49,68.88
ORD-002026,2025-05-01,South,Office,5,14.97,9.29
ORD-002027,2025-05-01,West,Office,4,16.97,14.05
ORD-002028,2025-05-01,North,Office,1,14.85,11.37
ORD-002029,2025-05-01,North,Office,3,15.33,8.27
ORD-002030,2025-05-01,East,Home,1,40.69,21.83
ORD-002031,2025-05-01,North,Home,5,51.4,31.15
ORD-002032,2025-05-02,East,Technology,2,108.23,71.01
ORD-002033,2025-05-02,North,Home,1,36.25,24.66
ORD-002034,2025-05-02,North,Technology,2,124.28,93.96
ORD-002035,2025-05-02,North,Home,1,37.71,26.9
ORD-002036,2025-05-02,West,Office,2,20.42,16.36
ORD-002037,2025-05-02,West,Technology,1,100.63,53.25
ORD-002038,2025-05-02,North,Home,3,41.09,30.8
ORD-002039,2025-05-02,East,Office,3,21.55,14.86
ORD-002040,2025-05-02,South,Home,5,52.72,37.39
ORD-002041,2025-05-02,North,Technology,5,102.44,63.89
ORD-002042,2025-05-02,West,Home,2,37.61,20.29
ORD-002043,2025-05-02,South,Office,4,20.74,15.26
ORD-002044,2025-05-02,North,Technology,1,103.4,73.57
ORD-002045,2025-05-02,North,Technology,3,113.73,73.43
ORD-002046,2025-05-02,North,Office,2,16.13,9.96
ORD-002047,2025-05-02,North,Home,2,53.2,39.5
ORD-002048,2025-05-02,South,Office,1,20.21,14.37
ORD-002049,2025-05-02,West,Office,4,18.52,15.05
ORD-002050,2025-05-02,West,Home,1,53.15,28.44
ORD-002051,2025-05-02,East,Home,2,50.06,26.08
ORD-002052,2025-05-02,West,Office,2,20.26,12.85
ORD-002053,2025-05-02,West,Office,1,18.15,10.16
ORD-002054,2025-05-02,West,Office,5,17.46,11.37
ORD-002055,2025-05-02,South,Home,1,45.9,26.05
ORD-002056,2025-05-02,West,Technology,2,133.94,61.32
ORD-002057,2025-05-02,East,Office,1,14.56,12.38
ORD-002058,2025-05-03,North,Technology,4,139.15,81.11
ORD-002059,2025-05-03,North,Technology,3,127.76,83.12
ORD-002060,2025-05-03,North,Home,1,49.18,30.86
ORD-002061,2025-05-03,North,Technology,2,131.31,103.64
ORD-002062,2025-05-03,East,Technology,3,125.83,86.98
ORD-002063,2025-05-03,North,Technology,4,98.85,72.81
ORD-002064,2025-05-03,East,Technology,5,120.6,86.71
ORD-002065,2025-05-03,West,Technology,5,96.95,57.27
ORD-002066,2025-05-03,South,Home,1,44.32,23.3
ORD-002067,2025-05-03,East,Home,4,50.05,30.19
ORD-002068,2025-05-03,North,Technology,1,104.27,50.56
ORD-002069,2025-05-03,West,Home,2,36.82,30.73
ORD-002070,2025-05-03,West,Office,5,18.05,9.06
ORD-002071,2025-05-03,West,Home,4,53.04,37.62
ORD-002072,2025-05-03,West,Office,3,21.43,12.26
ORD-002073,2025-05-03,North,Office,2,14.79,6.7
ORD-002074,2025-05-03,North,Home,4,51.92,29.56
ORD-002075,2025-05-03,East,Office,5,19.32,11.01
ORD-002076,2025-05-03,North,Technology,5,111.43,89.96
ORD-002077,2025-05-03,South,Technology,1,110.07,68.9
ORD-002078,2025-05-03,South,Home,5,41.32,19.2
ORD-002079,2025-05-03,North,Office,3,20.92,14.85
ORD-002080,2025-05-03,North,Technology,1,141.6,84.07
ORD-002081,2025-05-03,East,Home,3,53.66,24.75
ORD-002082,2025-05-03,South,Technology,2,96.87,53.61
ORD-002083,2025-05-03,South,Technology,5,103.7,69.66
ORD-002084,2025-05-04,North,Technology,4,143.89,90.04
ORD-002085,2025-05-04,West,Home,5,52.3,40.51
ORD-002086,2025-05-04,South,Technology,5,125.58,71.54
ORD-002087,2025-05-04,North,Office,3,17.31,14.7
ORD-002088,2025-05-04,East,Office,3,21.49,14.6
ORD-002089,2025-05-04,South,Office,4,21.5,10.24
ORD-002090,2025-05-04,South,Technology,5,111.49,84.44
ORD-002091,2025-05-04,North,Home,2,48.02,29.35
ORD-002092,2025-05-04,West,Office,2,20.22,14.64
ORD-002093,2025-05-04,North,Home,3,51.2,38.23
ORD-002094,2025-05-04,North,Home,1,37.92,23.39
ORD-002095,2025-05-04,East,Office,3,21.22,9.96
ORD-002096,2025-05-04,West,Technology,3,136.24,99.56
ORD-002097,2025-05-04,South,Technology,2,123.69,55.79
ORD-002098,2025-05-04,South,Home,5,44.94,30.52
ORD-002099,2025-05-04,West,Office,4,14.62,8.49
ORD-002100,2025-05-04,North,Technology,4,129.83,71.61
ORD-002101,2025-05-04,East,Office,5,17.17,12.54
ORD-002102,2025-05-04,South,Home,2,50.76,33.57
ORD-002103,2025-05-04,East,Technology,2,106.28,81.55
ORD-002104,2025-05-05,South,Technology,3,122.45,103.67
ORD-002105,2025-05-05,North,Technology,3,140.89,88.81
ORD-002106,2025-05-05,West,Home,2,49.89,35.07
ORD-002107,2025-05-05,North,Office,2,21.54,17.75
ORD-002108,2025-05-05,West,Home,3,43.23,28.59
ORD-002109,2025-05-05,West,Home,2,53.35,44.77
ORD-002110,2025-05-05,North,Technology,4,143.85,90.72
ORD-002111,2025-05-05,South,Office,4,14.57,9.45
ORD-002112,2025-05-05,North,Technology,2,128.31,76.66
ORD-002113,2025-05-05,East,Home,3,43.63,23.56
ORD-002114,2025-05-05,West,Office,3,16.18,9.34
ORD-002115,2025-05-05,South,Technology,2,101.35,52.1
ORD-002116,2025-05-05,South,Office,3,18.2,12.87
ORD-002117,2025-05-05,West,Home,1,45.17,28.69
ORD-002118,2025-05-05,West,Home,4,42.71,26.65
ORD-002119,2025-05-05,South,Office,2,17.47,9.77
ORD-002120,2025-05-05,East,Home,3,36.82,28.81
ORD-002121,2025-05-05,South,Technology,3,117.01,93.07
ORD-002122,2025-05-05,North,Home,2,37.02,29.34
ORD-002123,2025-05-05,West,Technology,2,101.66,70.15
ORD-002124,2025-05-05,South,Home,4,38.74,24.22
ORD-002125,2025-05-05,West,Home,1,40.34,24.55
ORD-002126,2025-05-05,East,Technology,3,131.45,63.98
ORD-002127,2025-05-05,West,Home,4,45.14,35.05
ORD-002128,2025-05-05,East,Office,4,20.96,14.32
ORD-002129,2025-05-05,North,Home,1,47.6,36.88
ORD-002130,2025-05-06,North,Home,5,52.25,32.38
ORD-002131,2025-05-06,South,Home,3,38.17,22.49
ORD-002132,2025-05-06,South,Home,2,46.18,38.18
ORD-002133,2025-05-06,West,Technology,3,109.5,49.44
ORD-002134,2025-05-06,East,Office,2,19.64,16.52
ORD-002135,2025-05-06,North,Technology,2,98.51,47.8
ORD-002136,2025-05-06,West,Home,4,53.15,33.01
ORD-002137,2025-05-06,East,Office,4,20.69,15.16
ORD-002138,2025-05-06,East,Home,2,49.74,32.43
ORD-002139,2025-05-06,East,Technology,5,114.19,83.05
ORD-002140,2025-05-06,North,Technology,3,136.64,74.55
ORD-002141,2025-05-06,North,Office,5,18.0,11.07
ORD-002142,2025-05-06,East,Home,4,47.43,25.96
ORD-002143,2025-05-06,South,Technology,1,114.22,60.31
ORD-002144,2025-05-06,South,Home,2,50.48,32.48
ORD-002145,2025-05-06,East,Home,3,48.35,28.32
ORD-002146,2025-05-06,South,Technology,1,141.36,71.13
ORD-002147,2025-05-06,North,Technology,4,129.67,87.09
ORD-002148,2025-05-06,East,Home,3,41.73,29.78
ORD-002149,2025-05-06,South,Office,4,17.68,12.04
ORD-002150,2025-05-06,West,Office,2,16.69,14.11
ORD-002151,2025-05-06,East,Office,3,20.09,15.5
ORD-002152,2025-05-06,East,Home,5,39.34,28.5
ORD-002153,2025-05-06,East,Office,2,19.39,11.34
ORD-002154,2025-05-06,West,Office,4,16.28,12.15
ORD-002155,2025-05-06,West,Home,3,51.77,24.74
ORD-002156,2025-05-06,North,Home,1,46.8,26.24
ORD-002157,2025-05-06,North,Home,3,41.15,30.09
ORD-002158,2025-05-07,South,Home,3,46.46,25.76
ORD-002159,2025-05-07,South,Technology,2,105.45,82.95
ORD-002160,2025-05-07,South,Home,4,49.34,22.97
ORD-002161,2025-05-07,East,Technology,1,120.0,76.28
ORD-002162,2025-05-07,South,Technology,1,96.83,66.38
ORD-002163,2025-05-07,North,Technology,5,97.6,54.12
ORD-002164,2025-05-07,West,Home,3,37.5,18.73
ORD-002165,2025-05-07,North,Home,1,49.99,41.46
ORD-002166,2025-05-07,West,Technology,1,109.12,63.48
ORD-002167,2025-05-07,North,Technology,4,98.87,56.28
ORD-002168,2025-05-07,West,Office,4,15.98,11.4
ORD-002169,2025-05-07,North,Home,3,52.39,26.71
ORD-002170,2025-05-07,South,Home,4,42.9,29.33
ORD-002171,2025-05-07,East,Home,5,53.25,31.61
ORD-002172,2025-05-07,South,Home,5,47.23,33.77
ORD-002173,2025-05-07,South,Office,2,15.75,12.31
ORD-002174,2025-05-07,East,Office,2,18.06,15.24
ORD-002175,2025-05-07,East,Home,3,43.4,35.16
ORD-002176,2025-05-07,North,Technology,5,143.06,67.29
ORD-002177,2025-05-07,South,Technology,3,116.55,70.83
ORD-002178,2025-05-07,South,Office,3,20.26,15.97
ORD-002179,2025-05-07,East,Home,4,39.33,17.77
ORD-002180,2025-05-07,South,Office,2,19.39,13.05
ORD-002181,2025-05-08,North,Home,1,41.5,22.47
ORD-002182,2025-05-08,East,Home,4,39.87,20.62
ORD-002183,2025-05-08,West,Technology,2,129.02,88.88
ORD-002184,2025-05-08,North,Office,5,16.21,9.98
ORD-002185,2025-05-08,West,Technology,5,139.41,96.97
ORD-002186,2025-05-08,East,Office,1,20.78,16.31
ORD-002187,2025-05-08,North,Technology,3,113.28,55.72
ORD-002188,2025-05-08,North,Home,1,52.94,29.32
ORD-002189,2025-05-08,North,Home,3,48.78,37.84
ORD-002190,2025-05-08,North,Home,5,45.19,21.91
ORD-002191,2025-05-08,East,Office,2,18.99,12.53
ORD-002192,2025-05-08,East,Home,4,36.25,29.36
ORD-002193,2025-05-08,South,Technology,3,142.0,89.12
ORD-002194,2025-05-09,West,Technology,5,140.49,106.4
ORD-002195,2025-05-09,East,Technology,4,141.36,101.28
ORD-002196,2025-05-09,East,Technology,3,137.15,113.51
ORD-002197,2025-05-09,East,Home,3,51.55,30.19
ORD-002198,2025-05-09,West,Home,3,38.44,20.87
ORD-002199,2025-05-09,South,Office,1,18.43,10.34
ORD-002200,2025-05-09,South,Technology,4,97.25,71.08
ORD-002201,2025-05-09,North,Office,3,20.27,13.89
ORD-002202,2025-05-09,North,Technology,4,142.36,102.61
ORD-002203,2025-05-09,West,Home,3,36.04,27.23
ORD-002204,2025-05-09,West,Home,2,48.78,34.16
ORD-002205,2025-05-09,East,Office,2,16.3,10.03
ORD-002206,2025-05-09,South,Technology,3,107.76,65.17
ORD-002207,2025-05-09,North,Technology,5,142.18,97.6
ORD-002208,2025-05-09,East,Office,3,17.03,9.84
ORD-002209,2025-05-09,East,Office,4,20.64,13.35
ORD-002210,2025-05-09,East,Office,5,15.0,7.77
ORD-002211,2025-05-09,West,Home,5,51.12,42.04
ORD-002212,2025-05-09,North,Office,4,15.91,13.38
ORD-002213,2025-05-09,North,Home,5,48.46,36.37
ORD-002214,2025-05-10,East,Office,3,21.14,14.39
ORD-002215,2025-05-10,West,Office,3,19.51,13.82
ORD-002216,2025-05-10,East,Technology,3,107.19,80.65
ORD-002217,2025-05-10,South,Office,1,15.53,9.55
ORD-002218,2025-05-10,West,Home,5,38.26,23.71
ORD-002219,2025-05-10,North,Home,2,40.09,33.83
ORD-002220,2025-05-10,South,Office,1,17.92,9.8
ORD-002221,2025-05-10,South,Office,4,21.52,14.98
ORD-002222,2025-05-10,North,Home,3,37.38,18.7
ORD-002223,2025-05-10,South,Office,2,21.16,13.44
ORD-002224,2025-05-10,East,Home,2,37.84,18.01
ORD-002225,2025-05-10,West,Home,3,53.82,42.71
ORD-002226,2025-05-10,South,Home,3,37.39,23.59
ORD-002227,2025-05-10,South,Home,4,39.58,29.66
ORD-002228,2025-05-10,East,Home,4,49.06,22.59
ORD-002229,2025-05-10,West,Technology,1,136.31,94.17
ORD-002230,2025-05-10,North,Office,2,16.53,13.7
ORD-002231,2025-05-10,North,Home,4,38.28,26.14
ORD-002232,2025-05-10,East,Technology,2,112.0,82.9
ORD-002233,2025-05-10,West,Office,5,18.57,9.81
ORD-002234,2025-05-10,East,Technology,2,141.32,87.3
ORD-002235,2025-05-10,North,Technology,5,125.22,88.89
ORD-002236,2025-05-10,East,Office,5,20.9,16.3
ORD-002237,2025-05-10,West,Technology,2,116.13,54.31
ORD-002238,2025-05-10,West,Office,2,19.94,11.23
ORD-002239,2025-05-10,West,Home,4,41.1,28.44
ORD-002240,2025-05-10,South,Office,2,18.6,9.91
ORD-002241,2025-05-10,South,Home,3,37.67,24.8
ORD-002242,2025-05-10,North,Office,5,18.53,12.96
ORD-002243,2025-05-11,West,Home,3,43.05,23.38
ORD-002244,2025-05-11,South,Office,2,16.0,11.5
ORD-002245,2025-05-11,North,Technology,5,142.85,86.73
ORD-002246,2025-05-11,North,Home,4,53.36,36.65
ORD-002247,2025-05-11,North,Home,5,37.36,26.16
ORD-002248,2025-05-11,North,Technology,3,123.44,74.9
ORD-002249,2025-05-11,West,Technology,5,132.26,61.31
ORD-002250,2025-05-11,East,Office,5,17.27,10.35
ORD-002251,2025-05-11,West,Technology,3,125.95,90.35
ORD-002252,2025-05-11,East,Technology,1,136.8,112.15
ORD-002253,2025-05-11,South,Technology,4,120.92,64.71
ORD-002254,2025-05-11,South,Office,2,17.63,8.09
ORD-002255,2025-05-11,South,Home,4,40.66,23.18
ORD-002256,2025-05-11,North,Office,2,17.07,9.97
ORD-002257,2025-05-11,North,Technology,4,142.12,119.29
ORD-002258,2025-05-11,South,Office,4,19.21,10.47
ORD-002259,2025-05-11,East,Home,1,51.33,31.61
ORD-002260,2025-05-11,South,Office,2,20.25,15.46
ORD-002261,2025-05-12,North,Technology,1,103.82,73.94
ORD-002262,2025-05-12,North,Technology,2,107.08,87.76
ORD-002263,2025-05-12,North,Home,1,52.09,42.72
ORD-002264,2025-05-12,North,Home,4,45.36,27.18
ORD-002265,2025-05-12,East,Technology,1,141.98,84.59
ORD-002266,2025-05-12,West,Technology,1,141.31,72.33
ORD-002267,2025-05-12,East,Technology,1,114.78,69.77
ORD-002268,2025-05-12,South,Home,4,38.49,30.15
ORD-002269,2025-05-12,North,Home,3,39.61,21.78
ORD-002270,2025-05-12,East,Technology,3,132.46,79.04
ORD-002271,2025-05-12,East,Home,3,50.9,36.46
ORD-002272,2025-05-12,North,Technology,5,142.3,75.11
ORD-002273,2025-05-12,North,Office,5,16.91,8.67
ORD-002274,2025-05-12,North,Office,4,21.42,11.93
ORD-002275,2025-05-12,West,Office,5,17.44,14.31
ORD-002276,2025-05-12,North,Technology,3,111.43,76.58
ORD-002277,2025-05-12,West,Office,3,18.03,9.32
ORD-002278,2025-05-12,West,Home,5,43.22,25.49
ORD-002279,2025-05-12,East,Technology,5,131.66,83.43
ORD-002280,2025-05-13,South,Technology,1,109.33,64.26
ORD-002281,2025-05-13,North,Technology,5,114.87,73.01
ORD-002282,2025-05-13,South,Home,1,49.54,36.0
ORD-002283,2025-05-13,North,Office,1,17.07,13.79
ORD-002284,2025-05-13,West,Technology,1,111.18,63.74
ORD-002285,2025-05-13,East,Technology,2,122.27,97.59
ORD-002286,2025-05-13,South,Technology,3,110.68,51.42
ORD-002287,2025-05-13,North,Home,4,37.14,29.59
ORD-002288,2025-05-13,South,Technology,4,106.28,71.97
ORD-002289,2025-05-13,South,Office,2,17.82,12.58
ORD-002290,2025-05-13,North,Home,3,37.45,20.04
ORD-002291,2025-05-13,North,Home,2,50.9,31.05
ORD-002292,2025-05-13,West,Home,1,49.2,33.29
ORD-002293,2025-05-13,North,Office,3,16.95,11.09
ORD-002294,2025-05-13,North,Technology,1,126.1,57.91
ORD-002295,2025-05-13,East,Home,3,52.27,40.41
ORD-002296,2025-05-13,North,Technology,3,105.58,81.13
ORD-002297,2025-05-13,North,Home,3,38.08,19.58
ORD-002298,2025-05-13,North,Technology,5,104.25,67.12
ORD-002299,2025-05-13,West,Office,5,18.39,9.16
ORD-002300,2025-05-13,North,Technology,2,132.33,65.74
ORD-002301,2025-05-14,East,Home,2,43.29,29.46
ORD-002302,2025-05-14,East,Office,5,19.61,12.03
ORD-002303,2025-05-14,West,Office,1,17.98,8.87
ORD-002304,2025-05-14,North,Office,1,16.65,10.06
ORD-002305,2025-05-14,South,Home,3,46.49,31.44
ORD-002306,2025-05-14,East,Office,3,19.22,12.09
ORD-002307,2025-05-14,North,Home,1,37.1,24.82
ORD-002308,2025-05-14,South,Office,5,19.85,15.25
ORD-002309,2025-05-14,North,Office,4,15.62,12.24
ORD-002310,2025-05-14,South,Office,5,21.11,11.1
ORD-002311,2025-05-14,North,Home,4,51.84,37.55
ORD-002312,2025-05-14,West,Technology,4,120.01,68.14
ORD-002313,2025-05-14,East,Home,4,50.9,40.35
ORD-002314,2025-05-14,East,Technology,1,112.03,62.97
ORD-002315,2025-05-14,South,Home,4,47.8,28.06
ORD-002316,2025-05-14,North,Technology,4,122.47,66.57
ORD-002317,2025-05-14,South,Office,1,18.67,8.59
ORD-002318,2025-05-14,West,Home,4,51.88,39.18
ORD-002319,2025-05-14,South,Office,2,17.43,14.38
ORD-002320,2025-05-14,North,Technology,4,104.26,59.75
ORD-002321,2025-05-14,West,Home,5,43.43,19.93
ORD-002322,2025-05-15,West,Technology,4,101.3,83.75
ORD-002323,2025-05-15,East,Office,2,15.5,8.2
ORD-002324,2025-05-15,West,Technology,5,99.79,80.54
ORD-002325,2025-05-15,North,Office,1,18.37,13.08
ORD-002326,2025-05-15,West,Technology,5,127.6,90.76
ORD-002327,2025-05-15,North,Office,1,17.21,11.34
ORD-002328,2025-05-15,West,Office,3,17.0,13.1
ORD-002329,2025-05-15,West,Technology,1,97.23,52.77
ORD-002330,2025-05-15,West,Home,3,50.28,28.26
ORD-002331,2025-05-15,South,Technology,5,96.92,75.67
ORD-002332,2025-05-15,West,Home,4,45.91,36.05
ORD-002333,2025-05-15,South,Office,2,14.86,10.9
ORD-002334,2025-05-15,North,Technology,5,105.94,64.8
ORD-002335,2025-05-15,South,Home,4,46.89,24.09
ORD-002336,2025-05-15,East,Office,3,20.98,9.49
ORD-002337,2025-05-15,East,Technology,4,133.33,91.93
ORD-002338,2025-05-15,West,Home,2,48.26,32.71
ORD-002339,2025-05-15,East,Office,3,21.21,11.99
ORD-002340,2025-05-15,South,Technology,3,121.38,101.23
ORD-002341,2025-05-15,West,Office,4,18.45,9.5
ORD-002342,2025-05-15,East,Technology,1,122.42,85.33
ORD-002343,2025-05-16,South,Home,2,50.78,38.06
ORD-002344,2025-05-16,North,Technology,4,108.71,50.57
ORD-002345,2025-05-16,East,Technology,1,140.75,76.32
ORD-002346,2025-05-16,East,Technology,5,101.35,50.16
ORD-002347,2025-05-16,West,Home,3,39.29,22.62
ORD-002348,2025-05-16,South,Home,2,53.54,34.89
ORD-002349,2025-05-16,North,Technology,5,122.45,87.51
ORD-002350,2025-05-16,West,Technology,4,125.21,96.37
ORD-002351,2025-05-16,North,Office,5,20.1,14.49
ORD-002352,2025-05-16,West,Home,2,49.27,39.41
ORD-002353,2025-05-16,West,Technology,5,107.7,59.11
ORD-002354,2025-05-16,West,Technology,2,115.94,93.82
ORD-002355,2025-05-16,West,Technology,1,129.33,90.68
ORD-002356,2025-05-16,South,Technology,5,141.3,86.2
ORD-002357,2025-05-16,South,Office,4,18.18,10.07
ORD-002358,2025-05-16,East,Home,1,47.19,32.26
ORD-002359,2025-05-16,West,Home,2,45.62,36.01
ORD-002360,2025-05-16,West,Home,1,42.51,26.58
ORD-002361,2025-05-16,West,Office,1,18.99,8.88
ORD-002362,2025-05-16,West,Office,3,20.67,9.94
ORD-002363,2025-05-16,South,Home,5,47.88,29.72
ORD-002364,2025-05-17,East,Office,2,14.76,12.47
ORD-002365,2025-05-17,North,Office,5,17.42,13.03
ORD-002366,2025-05-17,South,Home,1,40.69,20.83
ORD-002367,2025-05-17,North,Home,5,47.57,23.6
ORD-002368,2025-05-17,South,Home,3,47.41,34.34
ORD-002369,2025-05-17,East,Technology,1,130.88,90.36
ORD-002370,2025-05-17,North,Technology,4,105.41,61.9
ORD-002371,2025-05-17,East,Technology,4,110.51,67.9
ORD-002372,2025-05-17,East,Technology,3,137.5,90.31
ORD-002373,2025-05-17,East,Office,3,18.99,12.18
ORD-002374,2025-05-17,North,Home,2,40.69,27.05
ORD-002375,2025-05-17,East,Home,3,41.12,19.45
ORD-002376,2025-05-17,East,Technology,2,111.33,66.99
ORD-002377,2025-05-17,North,Office,3,16.18,11.45
ORD-002378,2025-05-17,North,Office,5,16.72,14.08
ORD-002379,2025-05-17,East,Office,2,16.88,8.86
ORD-002380,2025-05-17,East,Home,3,44.84,27.81
ORD-002381,2025-05-17,West,Home,5,41.02,33.61
ORD-002382,2025-05-17,West,Technology,4,99.64,63.05
ORD-002383,2025-05-17,North,Office,2,18.7,8.92
ORD-002384,2025-05-17,North,Technology,5,112.78,58.97
ORD-002385,2025-05-18,South,Home,5,48.1,34.99
ORD-002386,2025-05-18,West,Technology,4,102.52,77.99
ORD-002387,2025-05-18,South,Home,4,40.43,30.83
ORD-002388,2025-05-18,East,Home,1,40.62,31.69
ORD-002389,2025-05-18,North,Technology,1,111.68,51.83
ORD-002390,2025-05-18,North,Home,3,50.27,25.63
ORD-002391,2025-05-18,West,Office,2,15.59,8.74
ORD-002392,2025-05-18,West,Home,2,45.89,26.96
ORD-002393,2025-05-18,West,Office,3,17.42,8.11
ORD-002394,2025-05-18,East,Home,2,36.64,27.02
ORD-002395,2025-05-18,East,Office,1,20.07,9.06
ORD-002396,2025-05-18,West,Technology,1,97.28,45.96
ORD-002397,2025-05-18,North,Home,3,36.71,23.76
ORD-002398,2025-05-18,West,Technology,4,130.94,85.47
ORD-002399,2025-05-18,South,Office,4,21.53,10.77
ORD-002400,2025-05-18,East,Office,2,17.02,11.27
ORD-002401,2025-05-19,South,Technology,4,109.15,63.75
ORD-002402,2025-05-19,South,Office,4,20.05,9.09
ORD-002403,2025-05-19,North,Technology,4,104.17,70.52
ORD-002404,2025-05-19,North,Technology,4,115.27,91.37
ORD-002405,2025-05-19,South,Home,3,45.82,28.21
ORD-002406,2025-05-19,East,Technology,5,133.87,67.59
ORD-002407,2025-05-19,East,Technology,3,108.96,66.14
ORD-002408,2025-05-19,South,Home,3,39.47,19.37
ORD-002409,2025-05-19,West,Technology,5,127.94,79.14
ORD-002410,2025-05-19,South,Office,5,20.15,13.62
ORD-002411,2025-05-19,East,Office,2,15.14,10.93
ORD-002412,2025-05-19,East,Technology,4,132.12,68.95
ORD-002413,2025-05-19,West,Office,2,20.15,10.98
ORD-002414,2025-05-19,West,Technology,1,124.61,103.84
ORD-002415,2025-05-19,West,Home,1,49.08,34.18
ORD-002416,2025-05-19,West,Home,2,47.87,37.22
ORD-002417,2025-05-19,South,Technology,1,137.04,102.47
ORD-002418,2025-05-19,West,Home,3,46.07,29.53
ORD-002419,2025-05-19,North,Office,2,15.38,8.01
ORD-002420,2025-05-19,North,Office,1,16.42,8.78
ORD-002421,2025-05-20,East,Technology,2,133.85,107.37
ORD-002422,2025-05-20,West,Technology,5,135.5,92.76
ORD-002423,2025-05-20,South,Home,2,53.08,42.22
ORD-002424,2025-05-20,East,Home,4,50.26,40.64
ORD-002425,2025-05-20,West,Home,4,43.2,32.19
ORD-002426,2025-05-20,North,Office,5,20.73,15.31
ORD-002427,2025-05-20,South,Office,4,15.69,7.46
ORD-002428,2025-05-20,North,Technology,1,122.67,83.07
ORD-002429,2025-05-20,West,Technology,3,99.92,74.19
ORD-002430,2025-05-20,North,Office,4,15.65,8.16
ORD-002431,2025-05-20,East,Office,5,15.46,11.77
ORD-002432,2025-05-20,North,Office,5,18.7,12.84
ORD-002433,2025-05-20,South,Technology,2,142.87,72.86
ORD-002434,2025-05-20,North,Office,3,15.37,10.28
ORD-002435,2025-05-20,East,Office,1,20.75,11.44
ORD-002436,2025-05-20,North,Technology,2,105.93,64.08
ORD-002437,2025-05-20,South,Technology,1,124.61,79.65
ORD-002438,2025-05-20,South,Home,3,37.63,23.01
ORD-002439,2025-05-20,North,Office,1,18.36,8.38
ORD-002440,2025-05-20,West,Technology,1,133.15,76.12
ORD-002441,2025-05-20,South,Technology,4,129.14,83.46
ORD-002442,2025-05-20,West,Home,5,48.99,34.48
ORD-002443,2025-05-20,East,Home,4,44.99,21.11
ORD-002444,2025-05-20,South,Home,4,46.77,21.72
ORD-002445,2025-05-20,South,Home,4,48.71,26.69
ORD-002446,2025-05-20,North,Technology,1,114.89,62.68
ORD-002447,2025-05-21,East,Technology,3,105.06,80.22
ORD-002448,2025-05-21,West,Technology,5,112.53,61.39
ORD-002449,2025-05-21,West,Technology,5,135.05,73.45
ORD-002450,2025-05-21,West,Office,3,17.05,11.91
ORD-002451,2025-05-21,West,Technology,5,116.7,77.51
ORD-002452,2025-05-21,East,Home,5,39.95,29.92
ORD-002453,2025-05-21,West,Office,2,19.78,11.63
ORD-002454,2025-05-21,North,Home,3,43.93,32.93
ORD-002455,2025-05-21,South,Technology,4,114.24,79.31
ORD-002456,2025-05-21,East,Office,1,16.43,13.71
ORD-002457,2025-05-21,South,Office,5,21.3,9.74
ORD-002458,2025-05-21,West,Home,5,43.87,22.17
ORD-002459,2025-05-21,East,Home,2,37.24,28.47
ORD-002460,2025-05-21,South,Technology,1,129.38,95.65
ORD-002461,2025-05-21,West,Office,2,15.54,10.11
ORD-002462,2025-05-21,East,Home,5,41.93,26.83
ORD-002463,2025-05-21,West,Technology,4,128.31,57.86
ORD-002464,2025-05-21,West,Office,2,18.85,11.31
ORD-002465,2025-05-21,North,Home,4,46.03,23.8
ORD-002466,2025-05-22,South,Office,3,20.97,16.7
ORD-002467,2025-05-22,West,Technology,5,135.72,77.26
ORD-002468,2025-05-22,East,Home,1,37.41,30.58
ORD-002469,2025-05-22,North,Technology,4,126.01,85.41
ORD-002470,2025-05-22,South,Office,5,19.0,13.09
ORD-002471,2025-05-22,North,Technology,5,109.49,50.67
ORD-002472,2025-05-22,East,Technology,5,114.56,59.82
ORD-002473,2025-05-22,East,Technology,1,113.54,93.48
ORD-002474,2025-05-22,West,Office,3,20.42,17.14
ORD-002475,2025-05-22,North,Technology,1,137.94,89.05
ORD-002476,2025-05-22,North,Home,1,36.53,26.75
ORD-002477,2025-05-22,East,Technology,5,122.29,56.61
ORD-002478,2025-05-22,South,Technology,4,117.54,94.72
ORD-002479,2025-05-22,West,Home,1,53.54,38.03
ORD-002480,2025-05-22,North,Technology,4,114.81,89.15
ORD-002481,2025-05-22,West,Office,4,21.55,13.88
ORD-002482,2025-05-22,East,Technology,3,130.7,98.6
ORD-002483,2025-05-22,South,Home,4,36.42,21.29
ORD-002484,2025-05-22,West,Home,2,52.52,42.28
ORD-002485,2025-05-22,West,Home,3,41.2,27.78
ORD-002486,2025-05-22,West,Technology,1,113.3,56.01
ORD-002487,2025-05-22,East,Home,4,42.57,24.39
ORD-002488,2025-05-23,West,Office,5,17.34,10.53
ORD-002489,2025-05-23,East,Office,1,18.58,14.21
ORD-002490,2025-05-23,West,Technology,5,136.14,95.93
ORD-002491,2025-05-23,South,Home,3,36.6,29.02
ORD-002492,2025-05-23,West,Technology,3,140.0,107.11
ORD-002493,2025-05-23,East,Home,2,46.86,32.26
ORD-002494,2025-05-23,East,Office,2,19.26,10.33
ORD-002495,2025-05-23,West,Home,1,47.95,35.8
ORD-002496,2025-05-23,West,Technology,5,102.07,74.03
ORD-002497,2025-05-23,East,Technology,4,112.11,66.62
ORD-002498,2025-05-23,South,Office,2,15.25,7.01
ORD-002499,2025-05-23,East,Home,3,40.79,26.95
ORD-002500,2025-05-23,South,Technology,4,116.38,77.58
ORD-002501,2025-05-24,East,Home,5,46.8,28.32
ORD-002502,2025-05-24,West,Office,5,18.41,10.6
ORD-002503,2025-05-24,North,Technology,2,119.06,88.36
ORD-002504,2025-05-24,West,Technology,2,131.0,82.48
ORD-002505,2025-05-24,South,Home,4,42.87,25.55
ORD-002506,2025-05-24,South,Technology,3,119.89,74.75
ORD-002507,2025-05-24,South,Office,1,15.52,10.82
ORD-002508,2025-05-24,North,Office,4,20.53,17.12
ORD-002509,2025-05-24,South,Technology,1,112.74,93.96
ORD-002510,2025-05-24,West,Technology,4,108.35,60.97
ORD-002511,2025-05-24,North,Home,1,37.69,23.29
ORD-002512,2025-05-24,East,Technology,1,124.19,90.43
ORD-002513,2025-05-24,West,Home,4,47.25,24.02
ORD-002514,2025-05-24,East,Home,5,43.84,23.72
ORD-002515,2025-05-24,North,Home,5,36.9,20.12
ORD-002516,2025-05-24,East,Technology,2,117.67,58.26
ORD-002517,2025-05-25,North,Technology,4,142.67,116.39
ORD-002518,2025-05-25,East,Office,1,17.72,9.61
ORD-002519,2025-05-25,West,Home,5,41.86,30.2
ORD-002520,2025-05-25,West,Technology,3,123.76,75.36
ORD-002521,2025-05-25,North,Technology,5,101.98,58.26
ORD-002522,2025-05-25,West,Home,4,39.08,17.97
ORD-002523,2025-05-25,East,Home,5,52.25,33.7
ORD-002524,2025-05-25,North,Technology,4,119.78,55.63
ORD-002525,2025-05-25,West,Office,4,15.12,12.75
ORD-002526,2025-05-25,East,Office,5,19.83,14.84
ORD-002527,2025-05-25,North,Technology,3,132.2,84.03
ORD-002528,2025-05-25,South,Office,3,16.51,9.14
ORD-002529,2025-05-25,West,Technology,2,103.01,56.46
ORD-002530,2025-05-25,North,Office,3,16.51,8.5
ORD-002531,2025-05-25,South,Office,2,17.62,8.13
ORD-002532,2025-05-25,South,Office,4,20.47,12.62
ORD-002533,2025-05-25,East,Home,1,49.41,29.76
ORD-002534,2025-05-25,West,Technology,1,102.47,46.37
ORD-002535,2025-05-25,North,Technology,5,143.11,109.29
ORD-002536,2025-05-25,East,Technology,5,103.78,60.31
ORD-002537,2025-05-26,East,Office,5,20.35,15.47
ORD-002538,2025-05-26,West,Technology,2,133.52,63.6
ORD-002539,2025-05-26,South,Office,4,18.7,9.28
ORD-002540,2025-05-26,West,Technology,2,110.65,80.03
ORD-002541,2025-05-26,South,Home,1,53.3,34.51
ORD-002542,2025-05-26,South,Home,2,36.52,21.9
ORD-002543,2025-05-26,North,Home,5,44.48,31.12
ORD-002544,2025-05-26,East,Office,2,20.37,11.96
ORD-002545,2025-05-26,North,Office,2,20.0,10.67
ORD-002546,2025-05-26,East,Technology,5,121.88,73.95
ORD-002547,2025-05-26,West,Office,3,21.49,15.74
ORD-002548,2025-05-26,West,Home,1,51.3,37.75
ORD-002549,2025-05-26,West,Home,3,51.35,41.03
ORD-002550,2025-05-26,North,Technology,4,99.09,81.12
ORD-002551,2025-05-26,North,Home,1,46.82,37.1
ORD-002552,2025-05-26,West,Home,2,36.84,30.22
ORD-002553,2025-05-26,South,Office,3,21.54,11.22
ORD-002554,2025-05-26,East,Office,1,17.91,14.31
ORD-002555,2025-05-26,North,Home,1,43.28,26.49
ORD-002556,2025-05-26,South,Home,4,51.59,24.92
ORD-002557,2025-05-27,East,Technology,1,140.83,68.72
ORD-002558,2025-05-27,South,Office,2,20.07,11.0
ORD-002559,2025-05-27,North,Technology,4,96.64,76.11
ORD-002560,2025-05-27,North,Office,2,21.08,14.9
ORD-002561,2025-05-27,East,Technology,1,122.89,83.39
ORD-002562,2025-05-27,East,Home,5,39.09,31.46
ORD-002563,2025-05-27,West,Technology,1,133.28,99.45
ORD-002564,2025-05-27,West,Home,1,41.08,29.63
ORD-002565,2025-05-27,West,Technology,3,121.45,57.54
ORD-002566,2025-05-27,South,Office,4,14.77,10.33
ORD-002567,2025-05-27,East,Office,1,17.12,12.2
ORD-002568,2025-05-27,West,Office,3,20.36,13.63
ORD-002569,2025-05-27,North,Home,1,41.62,18.8
ORD-002570,2025-05-27,West,Home,2,51.05,35.84
ORD-002571,2025-05-27,North,Home,2,43.19,31.5
ORD-002572,2025-05-27,East,Technology,4,97.09,63.38
ORD-002573,2025-05-28,North,Home,4,41.59,29.51
ORD-002574,2025-05-28,South,Technology,1,125.08,70.26
ORD-002575,2025-05-28,West,Home,3,47.35,35.76
ORD-002576,2025-05-28,West,Office,4,16.29,12.65
ORD-002577,2025-05-28,South,Technology,2,133.0,64.33
ORD-002578,2025-05-28,East,Technology,5,129.47,87.97
ORD-002579,2025-05-28,East,Technology,1,143.94,84.09
ORD-002580,2025-05-28,South,Home,3,39.1,24.15
ORD-002581,2025-05-28,West,Technology,1,140.54,92.17
ORD-002582,2025-05-28,West,Office,5,20.78,11.34
ORD-002583,2025-05-28,East,Technology,3,126.22,84.71
ORD-002584,2025-05-28,East,Technology,4,106.14,76.19
ORD-002585,2025-05-28,North,Office,1,20.62,14.79
ORD-002586,2025-05-28,North,Technology,4,127.91,84.43
ORD-002587,2025-05-28,West,Office,2,19.51,12.6
ORD-002588,2025-05-28,West,Office,4,15.31,10.85
ORD-002589,2025-05-28,West,Office,1,16.97,14.17
ORD-002590,2025-05-28,South,Home,3,51.48,31.44
ORD-002591,2025-05-28,North,Office,3,18.2,8.59
ORD-002592,2025-05-28,West,Technology,3,97.65,51.88
ORD-002593,2025-05-29,East,Office,2,17.57,13.77
ORD-002594,2025-05-29,North,Technology,2,119.82,82.0
ORD-002595,2025-05-29,West,Office,1,19.96,11.21
ORD-002596,2025-05-29,West,Office,3,19.83,10.33
ORD-002597,2025-05-29,North,Home,3,53.07,30.22
ORD-002598,2025-05-29,West,Technology,2,130.12,86.8
ORD-002599,2025-05-29,North,Technology,2,107.87,89.19
ORD-002600,2025-05-29,North,Office,5,16.2,11.61
ORD-002601,2025-05-29,North,Home,3,38.48,20.07
ORD-002602,2025-05-29,West,Home,5,46.56,37.29
ORD-002603,2025-05-29,East,Office,1,16.37,13.76
ORD-002604,2025-05-29,South,Home,2,40.24,28.1
ORD-002605,2025-05-29,North,Technology,3,106.84,52.22
ORD-002606,2025-05-29,South,Technology,1,96.93,57.77
ORD-002607,2025-05-29,South,Home,5,45.85,26.53
ORD-002608,2025-05-29,South,Technology,5,130.53,77.42
ORD-002609,2025-05-29,South,Technology,4,126.64,69.76
ORD-002610,2025-05-29,East,Technology,3,126.87,105.63
ORD-002611,2025-05-29,South,Technology,3,115.04,92.48
ORD-002612,2025-05-29,North,Technology,1,124.34,63.95
ORD-002613,2025-05-29,East,Technology,4,101.18,54.12
ORD-002614,2025-05-29,North,Technology,4,129.16,90.73
ORD-002615,2025-05-29,East,Home,5,46.43,31.49
ORD-002616,2025-05-30,East,Office,3,14.93,9.32
ORD-002617,2025-05-30,West,Home,3,50.53,41.6
ORD-002618,2025-05-30,West,Home,2,51.92,29.7
ORD-002619,2025-05-30,East,Technology,5,139.98,64.77
ORD-002620,2025-05-30,South,Office,1,18.08,12.29
ORD-002621,2025-05-30,North,Home,3,37.49,20.8
ORD-002622,2025-05-30,East,Technology,4,121.99,101.85
ORD-002623,2025-05-30,West,Home,5,52.51,41.64
ORD-002624,2025-05-30,East,Office,4,16.1,7.82
ORD-002625,2025-05-30,South,Home,2,53.17,35.07
ORD-002626,2025-05-30,East,Office,2,18.7,13.46
ORD-002627,2025-05-30,North,Technology,3,121.2,99.1
ORD-002628,2025-05-30,East,Home,4,38.07,18.7
ORD-002629,2025-05-30,East,Office,4,14.55,10.27
ORD-002630,2025-05-30,West,Office,4,18.16,13.08
ORD-002631,2025-05-30,East,Home,3,37.03,26.34
ORD-002632,2025-05-30,West,Office,2,18.41,14.25
ORD-002633,2025-05-31,East,Office,2,19.11,14.09
ORD-002634,2025-05-31,East,Office,3,14.78,7.51
ORD-002635,2025-05-31,North,Home,4,38.16,28.06
ORD-002636,2025-05-31,South,Home,2,37.14,28.97
ORD-002637,2025-05-31,South,Technology,1,137.0,90.59
ORD-002638,2025-05-31,South,Home,1,49.92,36.93
ORD-002639,2025-05-31,East,Office,2,20.98,13.58
ORD-002640,2025-05-31,East,Office,1,17.89,10.53
ORD-002641,2025-05-31,North,Technology,1,121.97,64.41
ORD-002642,2025-05-31,South,Office,2,19.37,10.13
ORD-002643,2025-05-31,South,Office,1,18.05,15.21
ORD-002644,2025-05-31,North,Office,5,17.04,12.4
ORD-002645,2025-05-31,North,Technology,2,107.25,67.04
ORD-002646,2025-05-31,North,Home,1,36.18,24.9
ORD-002647,2025-06-01,North,Technology,5,141.59,108.16
ORD-002648,2025-06-01,South,Technology,2,129.63,77.05
ORD-002649,2025-06-01,South,Home,5,47.9,40.12
ORD-002650,2025-06-01,North,Technology,2,107.11,75.83
ORD-002651,2025-06-01,East,Home,4,46.28,32.13
ORD-002652,2025-06-01,South,Technology,4,110.18,56.02
ORD-002653,2025-06-01,South,Technology,5,100.84,65.46
ORD-002654,2025-06-01,East,Technology,3,116.58,61.8
ORD-002655,2025-06-01,West,Home,5,51.29,26.43
ORD-002656,2025-06-01,East,Technology,5,128.32,99.82
ORD-002657,2025-06-01,West,Home,4,36.87,22.43
ORD-002658,2025-06-01,West,Technology,4,113.33,62.96
ORD-002659,2025-06-01,South,Office,5,14.95,12.5
ORD-002660,2025-06-01,West,Technology,5,143.8,114.8
ORD-002661,2025-06-01,West,Office,3,21.36,14.18
ORD-002662,2025-06-01,North,Technology,1,115.3,79.13
ORD-002663,2025-06-01,North,Home,1,43.27,29.39
ORD-002664,2025-06-01,South,Office,5,14.6,8.26
ORD-002665,2025-06-01,East,Office,3,14.44,11.48
ORD-002666,2025-06-01,East,Technology,1,100.57,63.27
ORD-002667,2025-06-01,East,Home,4,49.24,32.99
ORD-002668,2025-06-01,South,Home,3,42.89,26.59
ORD-002669,2025-06-01,East,Home,2,39.97,19.83
ORD-002670,2025-06-01,East,Home,2,53.6,30.7
ORD-002671,2025-06-01,East,Home,3,49.59,37.98
ORD-002672,2025-06-01,North,Technology,5,125.41,76.71
ORD-002673,2025-06-01,South,Home,4,50.37,32.49
ORD-002674,2025-06-02,East,Home,1,51.23,38.02
ORD-002675,2025-06-02,South,Technology,1,119.14,82.48
ORD-002676,2025-06-02,East,Office,2,20.19,11.11
ORD-002677,2025-06-02,North,Office,4,21.17,12.72
ORD-002678,2025-06-02,West,Home,1,53.88,25.9
ORD-002679,2025-06-02,North,Office,3,14.57,10.18
ORD-002680,2025-06-02,West,Home,3,47.87,28.89
ORD-002681,2025-06-02,North,Home,4,47.58,36.5
ORD-002682,2025-06-02,South,Technology,5,127.91,100.44
ORD-002683,2025-06-02,East,Office,5,21.29,12.31
ORD-002684,2025-06-02,South,Technology,4,96.97,60.64
ORD-002685,2025-06-02,North,Technology,5,121.18,66.39
ORD-002686,2025-06-02,West,Home,1,51.89,38.64
ORD-002687,2025-06-02,West,Technology,1,117.73,64.76
ORD-002688,2025-06-02,West,Office,4,19.09,9.24
ORD-002689,2025-06-02,West,Technology,1,131.73,87.97
ORD-002690,2025-06-02,East,Technology,1,133.33,66.3
ORD-002691,2025-06-02,North,Home,2,48.48,25.33
ORD-002692,2025-06-02,West,Technology,4,120.81,65.17
ORD-002693,2025-06-02,North,Home,3,47.49,28.5
ORD-002694,2025-06-03,South,Home,1,36.63,19.29
ORD-002695,2025-06-03,North,Home,1,36.32,17.19
ORD-002696,2025-06-03,West,Home,1,43.27,29.99
ORD-002697,2025-06-03,North,Home,2,49.16,39.2
ORD-002698,2025-06-03,East,Home,1,48.43,30.33
ORD-002699,2025-06-03,South,Home,3,41.6,29.2
ORD-002700,2025-06-03,West,Office,5,14.8,7.69
ORD-002701,2025-06-03,East,Home,3,36.1,29.01
ORD-002702,2025-06-03,South,Office,5,20.3,13.47
ORD-002703,2025-06-03,West,Technology,3,114.52,93.2
ORD-002704,2025-06-03,South,Home,3,44.93,29.48
ORD-002705,2025-06-03,South,Home,4,40.04,29.4
ORD-002706,2025-06-03,West,Technology,1,136.78,70.87
ORD-002707,2025-06-03,West,Office,3,20.52,14.12
ORD-002708,2025-06-03,South,Technology,1,106.18,74.94
ORD-002709,2025-06-03,East,Office,5,18.38,11.14
ORD-002710,2025-06-03,East,Technology,1,114.17,62.98
ORD-002711,2025-06-03,North,Office,4,16.99,8.36
ORD-002712,2025-06-03,South,Home,4,37.71,26.21
ORD-002713,2025-06-03,North,Office,1,18.0,11.7
ORD-002714,2025-06-04,West,Home,4,36.01,18.6
ORD-002715,2025-06-04,South,Home,5,36.79,26.22
ORD-002716,2025-06-04,North,Technology,2,107.99,64.05
ORD-002717,2025-06-04,South,Home,3,51.52,30.47
ORD-002718,2025-06-04,North,Home,1,40.27,28.53
ORD-002719,2025-06-04,West,Office,3,16.02,12.0
ORD-002720,2025-06-04,South,Technology,1,133.14,108.65
ORD-002721,2025-06-04,North,Home,1,45.07,36.46
ORD-002722,2025-06-04,South,Home,5,45.79,32.61
ORD-002723,2025-06-04,South,Technology,2,129.26,69.83
ORD-002724,2025-06-04,North,Technology,4,105.7,68.76
ORD-002725,2025-06-04,North,Office,1,19.5,14.92
ORD-002726,2025-06-04,South,Office,5,16.7,8.23
ORD-002727,2025-06-04,North,Office,2,20.81,12.09
ORD-002728,2025-06-05,West,Home,1,43.43,35.03
ORD-002729,2025-06-05,East,Office,3,18.25,8.51
ORD-002730,2025-06-05,East,Office,5,15.09,10.8
ORD-002731,2025-06-05,East,Technology,3,134.12,64.39
ORD-002732,2025-06-05,West,Office,3,19.3,10.27
ORD-002733,2025-06-05,South,Home,1,41.24,23.06
ORD-002734,2025-06-05,West,Home,4,49.81,40.41
ORD-002735,2025-06-05,East,Technology,2,133.75,76.7
ORD-002736,2025-06-05,North,Office,5,14.66,8.01
ORD-002737,2025-06-05,North,Home,5,45.88,38.89
ORD-002738,2025-06-05,South,Home,3,50.66,36.58
ORD-002739,2025-06-05,West,Office,2,19.76,12.42
ORD-002740,2025-06-05,East,Home,3,42.04,26.49
ORD-002741,2025-06-05,East,Office,4,21.43,9.73
ORD-002742,2025-06-05,North,Home,4,42.72,22.29
ORD-002743,2025-06-05,North,Home,4,49.01,41.35
ORD-002744,2025-06-05,North,Home,4,42.06,20.79
ORD-002745,2025-06-05,North,Office,1,20.45,10.23
ORD-002746,2025-06-05,North,Home,1,41.06,34.67
ORD-002747,2025-06-05,North,Office,4,18.77,14.69
ORD-002748,2025-06-05,North,Technology,2,135.08,78.88
ORD-002749,2025-06-06,West,Office,2,15.41,9.69
ORD-002750,2025-06-06,North,Office,1,16.63,9.97
ORD-002751,2025-06-06,West,Office,2,19.59,10.4
ORD-002752,2025-06-06,North,Technology,2,97.76,50.14
ORD-002753,2025-06-06,West,Office,2,21.45,12.39
ORD-002754,2025-06-06,East,Home,3,49.05,22.93
ORD-002755,2025-06-06,East,Home,5,52.83,37.19
ORD-002756,2025-06-06,West,Home,2,50.26,37.19
ORD-002757,2025-06-06,East,Technology,5,109.67,93.06
ORD-002758,2025-06-06,East,Home,1,39.86,32.7
ORD-002759,2025-06-06,East,Home,2,51.83,35.28
ORD-002760,2025-06-06,South,Office,4,19.81,9.79
ORD-002761,2025-06-06,South,Office,2,21.18,14.8
ORD-002762,2025-06-06,West,Technology,3,121.09,55.21
ORD-002763,2025-06-06,West,Home,2,47.23,27.53
ORD-002764,2025-06-06,North,Office,4,17.79,11.05
ORD-002765,2025-06-06,South,Technology,3,129.86,59.65
ORD-002766,2025-06-06,South,Home,3,48.43,38.06
ORD-002767,2025-06-06,East,Office,5,14.5,10.79
ORD-002768,2025-06-06,South,Office,5,21.4,13.77
ORD-002769,2025-06-06,South,Technology,2,99.38,81.46
ORD-002770,2025-06-07,North,Office,5,18.18,10.44
ORD-002771,2025-06-07,South,Office,4,15.62,10.51
ORD-002772,2025-06-07,East,Technology,4,104.4,76.79
ORD-002773,2025-06-07,North,Office,4,16.02,13.34
ORD-002774,2025-06-07,North,Home,5,47.8,34.84
ORD-002775,2025-06-07,South,Technology,1,103.8,74.41
ORD-002776,2025-06-07,East,Office,1,15.14,10.65
ORD-002777,2025-06-07,South,Home,4,47.89,40.14
ORD-002778,2025-06-07,West,Home,2,38.51,32.35
ORD-002779,2025-06-07,South,Technology,5,140.96,100.18
ORD-002780,2025-06-07,South,Technology,2,109.66,90.9
ORD-002781,2025-06-07,South,Office,2,16.99,9.67
ORD-002782,2025-06-07,West,Office,5,16.75,7.61
ORD-002783,2025-06-07,West,Home,1,52.97,33.38
ORD-002784,2025-06-07,East,Office,1,16.65,8.99
ORD-002785,2025-06-07,East,Home,2,38.28,21.85
ORD-002786,2025-06-07,East,Home,5,36.2,18.08
ORD-002787,2025-06-07,West,Home,4,51.83,33.35
ORD-002788,2025-06-07,West,Home,3,51.21,27.35
ORD-002789,2025-06-07,North,Home,4,48.26,22.61
ORD-002790,2025-06-08,East,Office,5,18.13,8.22
ORD-002791,2025-06-08,East,Home,4,43.51,27.87
ORD-002792,2025-06-08,West,Technology,1,139.08,81.51
ORD-002793,2025-06-08,West,Office,2,16.85,12.91
ORD-002794,2025-06-08,South,Office,4,16.69,8.49
ORD-002795,2025-06-08,North,Home,3,42.75,21.08
ORD-002796,2025-06-08,South,Office,5,21.26,16.59
ORD-002797,2025-06-08,South,Technology,3,103.04,59.47
ORD-002798,2025-06-08,South,Office,1,20.79,11.18
ORD-002799,2025-06-08,North,Technology,3,100.27,55.88
ORD-002800,2025-06-08,North,Technology,5,127.72,88.62
ORD-002801,2025-06-08,East,Technology,2,98.36,47.76
ORD-002802,2025-06-08,South,Home,2,46.44,25.41
ORD-002803,2025-06-08,East,Office,4,21.23,12.14
ORD-002804,2025-06-08,South,Home,1,44.49,36.41
ORD-002805,2025-06-08,East,Office,5,19.31,14.94
ORD-002806,2025-06-08,South,Office,4,19.09,11.81
ORD-002807,2025-06-08,West,Office,1,19.45,12.73
ORD-002808,2025-06-08,South,Office,2,15.88,9.42
ORD-002809,2025-06-08,East,Technology,5,116.03,78.44
ORD-002810,2025-06-08,West,Home,3,48.67,35.4
ORD-002811,2025-06-09,North,Home,5,47.93,35.75
ORD-002812,2025-06-09,South,Technology,4,130.77,62.72
ORD-002813,2025-06-09,East,Office,3,17.0,12.84
ORD-002814,2025-06-09,North,Office,2,16.81,12.82
ORD-002815,2025-06-09,East,Technology,1,135.4,80.4
ORD-002816,2025-06-09,South,Home,2,43.22,19.51
ORD-002817,2025-06-09,East,Home,2,42.08,32.16
ORD-002818,2025-06-09,South,Home,2,36.85,17.14
ORD-002819,2025-06-09,South,Office,1,20.09,16.35
ORD-002820,2025-06-09,West,Technology,4,111.16,63.65
ORD-002821,2025-06-09,South,Home,3,43.39,35.39
ORD-002822,2025-06-09,East,Office,5,20.42,9.73
ORD-002823,2025-06-09,East,Home,4,41.42,26.48
ORD-002824,2025-06-09,North,Office,4,16.5,8.9
ORD-002825,2025-06-09,North,Technology,5,136.88,80.99
ORD-002826,2025-06-09,West,Office,1,15.75,11.78
ORD-002827,2025-06-09,West,Home,5,36.83,26.46
ORD-002828,2025-06-09,South,Technology,3,136.52,113.61
ORD-002829,2025-06-09,East,Office,2,15.73,12.69
ORD-002830,2025-06-09,North,Technology,1,119.95,68.62
ORD-002831,2025-06-09,South,Home,5,51.23,24.31
ORD-002832,2025-06-09,West,Office,4,19.19,11.89
ORD-002833,2025-06-09,North,Home,5,53.77,36.52
ORD-002834,2025-06-09,South,Home,3,47.0,37.49
ORD-002835,2025-06-09,North,Office,3,18.06,13.21
ORD-002836,2025-06-09,East,Home,1,38.38,24.77
ORD-002837,2025-06-09,North,Office,2,21.59,17.04
ORD-002838,2025-06-10,East,Technology,3,142.76,110.34
ORD-002839,2025-06-10,North,Technology,5,106.75,57.35
ORD-002840,2025-06-10,North,Office,2,14.42,7.6
ORD-002841,2025-06-10,West,Office,4,20.8,16.39
ORD-002842,2025-06-10,North,Office,1,18.4,9.67
ORD-002843,2025-06-10,South,Office,4,18.75,10.76
ORD-002844,2025-06-10,West,Technology,4,130.39,109.56
ORD-002845,2025-06-10,East,Technology,1,141.71,111.27
ORD-002846,2025-06-10,East,Office,3,18.32,10.88
ORD-002847,2025-06-10,South,Home,2,40.75,27.47
ORD-002848,2025-06-10,East,Office,3,19.75,14.26
ORD-002849,2025-06-10,West,Technology,1,127.65,93.67
ORD-002850,2025-06-10,North,Technology,3,135.52,71.46
ORD-002851,2025-06-10,North,Technology,4,99.7,76.46
ORD-002852,2025-06-10,East,Home,3,43.83,37.03
ORD-002853,2025-06-10,East,Office,3,14.54,7.97
ORD-002854,2025-06-10,South,Home,4,49.07,33.18
ORD-002855,2025-06-10,West,Office,3,18.16,13.12
ORD-002856,2025-06-10,South,Home,1,47.06,36.56
ORD-002857,2025-06-10,South,Office,1,16.62,11.48
ORD-002858,2025-06-10,South,Office,1,15.43,11.16
ORD-002859,2025-06-10,South,Technology,3,123.66,87.63
ORD-002860,2025-06-11,North,Office,5,17.25,13.32
ORD-002861,2025-06-11,South,Office,4,15.5,10.6
ORD-002862,2025-06-11,East,Office,2,15.91,12.14
ORD-002863,2025-06-11,North,Office,3,19.06,12.44
ORD-002864,2025-06-11,East,Home,1,36.42,23.94
ORD-002865,2025-06-11,West,Home,5,53.38,25.81
ORD-002866,2025-06-11,West,Office,4,14.53,7.54
ORD-002867,2025-06-11,East,Office,3,17.45,12.16
ORD-002868,2025-06-11,West,Home,1,44.74,34.18
ORD-002869,2025-06-11,West,Office,2,18.8,13.17
ORD-002870,2025-06-11,East,Home,3,41.09,23.38
ORD-002871,2025-06-11,South,Office,2,16.06,13.12
ORD-002872,2025-06-11,East,Technology,2,116.21,70.01
ORD-002873,2025-06-11,South,Home,5,47.14,21.89
ORD-002874,2025-06-11,South,Office,1,20.5,9.61
ORD-002875,2025-06-11,West,Technology,4,118.84,91.04
ORD-002876,2025-06-11,East,Technology,2,105.49,80.39
ORD-002877,2025-06-11,North,Technology,5,104.38,73.11
ORD-002878,2025-06-11,North,Office,4,21.41,9.77
ORD-002879,2025-06-11,North,Office,3,16.21,9.78
ORD-002880,2025-06-11,West,Technology,3,105.58,58.29
ORD-002881,2025-06-11,East,Technology,1,123.52,96.84
ORD-002882,2025-06-11,South,Technology,1,115.09,74.07
ORD-002883,2025-06-12,South,Technology,2,142.76,109.68
ORD-002884,2025-06-12,South,Home,2,47.62,33.53
ORD-002885,2025-06-12,East,Home,2,37.25,26.24
ORD-002886,2025-06-12,North,Technology,3,108.15,89.77
ORD-002887,2025-06-12,West,Office,4,20.88,12.27
ORD-002888,2025-06-12,South,Technology,4,129.41,98.16
ORD-002889,2025-06-12,West,Home,5,36.94,25.73
ORD-002890,2025-06-12,North,Home,4,49.95,34.14
ORD-002891,2025-06-12,East,Technology,3,96.83,64.85
ORD-002892,2025-06-12,East,Technology,1,133.57,81.87
ORD-002893,2025-06-12,South,Office,4,15.64,11.13
ORD-002894,2025-06-12,West,Home,5,46.7,37.95
ORD-002895,2025-06-12,North,Office,4,14.54,11.75
ORD-002896,2025-06-12,North,Office,5,17.52,12.46
ORD-002897,2025-06-12,East,Home,1,45.17,21.51
ORD-002898,2025-06-12,West,Technology,4,112.54,57.71
ORD-002899,2025-06-12,West,Technology,2,129.12,84.88
ORD-002900,2025-06-12,North,Technology,5,141.93,90.75
ORD-002901,2025-06-12,East,Technology,4,133.1,104.77
ORD-002902,2025-06-12,East,Home,2,46.57,31.32
ORD-002903,2025-06-12,North,Office,1,21.06,17.3
ORD-002904,2025-06-12,East,Home,4,36.56,29.9
ORD-002905,2025-06-12,West,Home,5,37.32,29.38
ORD-002906,2025-06-13,North,Technology,1,134.85,94.61
ORD-002907,2025-06-13,West,Home,4,39.14,22.7
ORD-002908,2025-06-13,West,Technology,3,140.85,92.37
ORD-002909,2025-06-13,West,Office,4,17.28,12.46
ORD-002910,2025-06-13,West,Technology,3,133.14,73.84
ORD-002911,2025-06-13,East,Technology,5,133.28,87.12
ORD-002912,2025-06-13,East,Office,3,17.78,12.86
ORD-002913,2025-06-13,North,Home,4,53.5,36.35
ORD-002914,2025-06-13,East,Home,5,37.14,25.87
ORD-002915,2025-06-13,West,Technology,1,134.51,72.79
ORD-002916,2025-06-13,East,Office,1,17.8,14.4
ORD-002917,2025-06-13,North,Home,2,49.69,38.09
ORD-002918,2025-06-13,North,Technology,1,116.73,69.96
ORD-002919,2025-06-13,South,Technology,5,141.56,75.28
ORD-002920,2025-06-13,East,Technology,5,105.33,53.38
ORD-002921,2025-06-13,North,Office,2,17.12,12.34
ORD-002922,2025-06-13,East,Home,4,53.27,34.33
ORD-002923,2025-06-13,West,Technology,3,139.57,90.53
ORD-002924,2025-06-13,North,Office,2,19.32,9.19
ORD-002925,2025-06-13,South,Home,4,46.93,26.71
ORD-002926,2025-06-13,East,Home,4,53.82,37.91
ORD-002927,2025-06-14,West,Technology,3,129.51,99.0
ORD-002928,2025-06-14,North,Technology,4,142.9,82.67
ORD-002929,2025-06-14,West,Technology,2,135.18,73.34
ORD-002930,2025-06-14,West,Home,3,49.05,38.09
ORD-002931,2025-06-14,East,Office,5,16.82,12.26
ORD-002932,2025-06-14,North,Home,3,49.67,31.85
ORD-002933,2025-06-14,East,Office,3,19.45,14.8
ORD-002934,2025-06-14,South,Technology,4,106.71,60.61
ORD-002935,2025-06-14,East,Technology,4,104.63,55.28
ORD-002936,2025-06-14,South,Home,2,50.32,37.88
ORD-002937,2025-06-14,South,Office,1,18.53,13.9
ORD-002938,2025-06-14,West,Office,3,15.1,9.81
ORD-002939,2025-06-14,South,Office,5,20.26,14.77
ORD-002940,2025-06-14,East,Technology,5,121.47,97.09
ORD-002941,2025-06-14,West,Technology,4,143.31,93.75
ORD-002942,2025-06-14,North,Technology,2,99.33,75.55
ORD-002943,2025-06-14,East,Office,1,17.78,14.25
ORD-002944,2025-06-14,East,Office,4,20.5,12.57
ORD-002945,2025-06-14,East,Home,4,48.05,32.41
ORD-002946,2025-06-14,South,Home,3,53.65,38.0
ORD-002947,2025-06-14,North,Office,5,20.38,13.23
ORD-002948,2025-06-14,West,Office,4,15.67,8.91
ORD-002949,2025-06-14,North,Home,1,49.8,33.64
ORD-002950,2025-06-14,West,Home,2,39.12,18.15
ORD-002951,2025-06-14,East,Technology,4,143.36,105.79
ORD-002952,2025-06-14,West,Technology,4,125.37,101.38
ORD-002953,2025-06-14,North,Office,2,14.65,12.36
ORD-002954,2025-06-14,West,Technology,3,108.39,64.44
ORD-002955,2025-06-14,West,Technology,4,130.63,107.96
ORD-002956,2025-06-14,North,Office,1,20.09,15.62
ORD-002957,2025-06-14,South,Technology,1,120.79,94.72
ORD-002958,2025-06-15,East,Office,2,16.65,12.03
ORD-002959,2025-06-15,East,Office,3,19.04,14.96
ORD-002960,2025-06-15,North,Office,5,17.89,14.49
ORD-002961,2025-06-15,East,Office,2,19.34,15.07
ORD-002962,2025-06-15,East,Home,2,47.44,26.08
ORD-002963,2025-06-15,West,Office,1,20.17,9.35
ORD-002964,2025-06-15,East,Technology,3,110.51,75.61
ORD-002965,2025-06-15,East,Technology,4,112.09,71.81
ORD-002966,2025-06-15,East,Technology,3,131.72,83.77
ORD-002967,2025-06-15,North,Technology,5,108.45,91.72
ORD-002968,2025-06-15,North,Home,4,51.64,26.07
ORD-002969,2025-06-15,East,Home,1,39.16,30.41
ORD-002970,2025-06-15,South,Technology,5,121.11,61.6
ORD-002971,2025-06-15,North,Office,1,15.72,12.99
ORD-002972,2025-06-15,East,Home,1,51.63,28.39
ORD-002973,2025-06-15,North,Home,3,37.1,25.37
ORD-002974,2025-06-15,West,Office,2,16.49,8.93
ORD-002975,2025-06-15,South,Office,3,17.2,9.81
ORD-002976,2025-06-15,North,Office,1,19.46,9.31
ORD-002977,2025-06-15,North,Office,1,19.63,11.62
ORD-002978,2025-06-15,South,Home,1,53.23,27.85
ORD-002979,2025-06-15,West,Office,1,16.43,11.93
ORD-002980,2025-06-15,South,Office,4,18.19,11.34
ORD-002981,2025-06-16,West,Home,4,48.32,23.26
ORD-002982,2025-06-16,East,Home,4,42.21,21.05
ORD-002983,2025-06-16,North,Technology,3,133.22,72.96
ORD-002984,2025-06-16,East,Office,2,20.2,16.41
ORD-002985,2025-06-16,North,Technology,4,98.63,64.36
ORD-002986,2025-06-16,East,Technology,3,117.73,81.55
ORD-002987,2025-06-16,North,Home,2,52.13,36.61
ORD-002988,2025-06-16,South,Home,4,48.35,31.29
ORD-002989,2025-06-16,West,Office,5,19.89,10.61
ORD-002990,2025-06-16,North,Home,2,45.82,21.23
ORD-002991,2025-06-16,East,Home,4,48.51,30.65
ORD-002992,2025-06-16,North,Technology,5,103.06,57.15
ORD-002993,2025-06-16,South,Office,1,18.46,11.97
ORD-002994,2025-06-16,East,Home,4,42.04,20.7
ORD-002995,2025-06-16,South,Home,4,49.81,40.25
ORD-002996,2025-06-16,East,Technology,3,107.03,84.55
ORD-002997,2025-06-16,West,Home,4,37.09,20.28
ORD-002998,2025-06-16,East,Home,3,51.66,37.37
ORD-002999,2025-06-16,South,Technology,2,110.36,50.67
ORD-003000,2025-06-16,South,Technology,1,101.0,58.07
ORD-003001,2025-06-16,West,Technology,5,118.9,56.65
ORD-003002,2025-06-16,North,Home,1,48.2,37.3
ORD-003003,2025-06-16,South,Technology,3,130.1,92.74
ORD-003004,2025-06-16,South,Office,5,19.1,15.96
ORD-003005,2025-06-16,West,Technology,4,125.62,56.58
ORD-003006,2025-06-16,South,Technology,4,121.3,89.38
ORD-003007,2025-06-16,West,Office,4,16.53,11.13
ORD-003008,2025-06-16,West,Home,5,52.55,31.21
ORD-003009,2025-06-17,North,Office,5,18.04,9.01
ORD-003010,2025-06-17,North,Office,4,20.05,12.05
ORD-003011,2025-06-17,South,Home,2,47.87,30.63
ORD-003012,2025-06-17,West,Technology,5,117.82,98.25
ORD-003013,2025-06-17,South,Office,3,20.3,10.84
ORD-003014,2025-06-17,South,Office,5,17.16,10.22
ORD-003015,2025-06-17,South,Office,5,21.05,17.45
ORD-003016,2025-06-17,East,Technology,3,122.64,103.64
ORD-003017,2025-06-17,East,Office,5,15.75,11.43
ORD-003018,2025-06-17,North,Technology,1,121.74,79.78
ORD-003019,2025-06-17,South,Office,3,18.74,12.56
ORD-003020,2025-06-17,South,Office,5,20.78,12.68
ORD-003021,2025-06-17,North,Office,4,16.41,8.83
ORD-003022,2025-06-17,South,Office,3,18.23,10.67
ORD-003023,2025-06-17,West,Technology,4,103.25,75.85
ORD-003024,2025-06-17,West,Home,1,39.99,33.97
ORD-003025,2025-06-17,West,Home,3,52.13,38.37
ORD-003026,2025-06-17,North,Office,1,18.44,14.55
ORD-003027,2025-06-17,South,Home,1,42.29,28.22
ORD-003028,2025-06-17,East,Technology,5,139.63,65.12
ORD-003029,2025-06-18,South,Office,4,19.06,15.32
ORD-003030,2025-06-18,North,Office,5,18.47,13.26
ORD-003031,2025-06-18,West,Technology,2,142.8,93.78
ORD-003032,2025-06-18,East,Office,1,17.31,12.54
ORD-003033,2025-06-18,West,Office,4,21.13,16.0
ORD-003034,2025-06-18,North,Technology,4,107.64,49.32
ORD-003035,2025-06-18,South,Technology,1,119.69,71.95
ORD-003036,2025-06-18,North,Technology,5,108.63,71.94
ORD-003037,2025-06-18,South,Home,2,52.4,33.13
ORD-003038,2025-06-18,West,Office,5,18.38,15.36
ORD-003039,2025-06-18,West,Home,1,49.3,34.23
ORD-003040,2025-06-18,South,Home,5,50.49,31.78
ORD-003041,2025-06-18,West,Home,4,40.56,24.17
ORD-003042,2025-06-18,West,Home,3,51.7,29.83
ORD-003043,2025-06-18,North,Technology,1,106.35,87.67
ORD-003044,2025-06-18,East,Home,3,37.47,25.51
ORD-003045,2025-06-18,East,Home,2,41.06,24.15
ORD-003046,2025-06-18,South,Home,3,52.17,32.2
ORD-003047,2025-06-18,West,Office,3,21.34,17.05
ORD-003048,2025-06-18,North,Home,5,41.89,24.13
ORD-003049,2025-06-18,East,Technology,1,120.96,90.86
ORD-003050,2025-06-18,South,Home,4,47.83,25.23
ORD-003051,2025-06-18,North,Office,5,16.64,12.36
ORD-003052,2025-06-18,North,Technology,5,124.34,85.26
ORD-003053,2025-06-18,North,Technology,5,107.39,64.42
ORD-003054,2025-06-18,South,Technology,5,98.07,46.17
ORD-003055,2025-06-18,North,Technology,5,103.52,82.16
ORD-003056,2025-06-18,South,Office,4,15.08,10.48
ORD-003057,2025-06-19,South,Home,4,44.1,26.23
ORD-003058,2025-06-19,North,Office,3,17.18,8.46
ORD-003059,2025-06-19,West,Technology,1,127.3,65.73
ORD-003060,2025-06-19,East,Office,3,17.01,12.21
ORD-003061,2025-06-19,South,Office,2,18.36,8.83
ORD-003062,2025-06-19,West,Technology,2,141.81,83.91
ORD-003063,2025-06-19,East,Home,5,37.52,20.49
ORD-003064,2025-06-19,North,Technology,1,109.57,92.03
ORD-003065,2025-06-19,South,Office,4,21.1,17.14
ORD-003066,2025-06-19,East,Technology,1,118.99,69.1
ORD-003067,2025-06-19,West,Home,1,48.91,24.79
ORD-003068,2025-06-19,North,Home,1,48.29,22.66
ORD-003069,2025-06-19,East,Home,4,48.43,24.63
ORD-003070,2025-06-19,North,Home,4,40.15,21.29
ORD-003071,2025-06-19,East,Home,2,52.31,27.41
ORD-003072,2025-06-19,South,Technology,1,108.74,80.23
ORD-003073,2025-06-19,West,Home,3,52.77,36.17
ORD-003074,2025-06-19,East,Technology,5,96.43,71.46
ORD-003075,2025-06-19,South,Office,2,14.92,11.52
ORD-003076,2025-06-19,South,Technology,3,141.92,92.7
ORD-003077,2025-06-19,West,Technology,2,129.66,89.45
ORD-003078,2025-06-19,South,Technology,1,106.91,74.59
ORD-003079,2025-06-19,South,Home,2,37.19,30.72
ORD-003080,2025-06-19,North,Office,2,18.01,10.65
ORD-003081,2025-06-19,West,Home,4,38.11,26.18
ORD-003082,2025-06-19,East,Office,4,19.06,8.7
ORD-003083,2025-06-19,East,Home,2,38.98,29.01
ORD-003084,2025-06-19,South,Home,4,38.16,19.89
ORD-003085,2025-06-19,East,Office,1,15.57,11.03
ORD-003086,2025-06-19,South,Office,1,20.25,14.1
ORD-003087,2025-06-20,East,Office,5,15.52,12.49
ORD-003088,2025-06-20,West,Home,3,42.78,32.4
ORD-003089,2025-06-20,West,Office,5,19.07,12.25
ORD-003090,2025-06-20,West,Home,2,37.74,21.41
ORD-003091,2025-06-20,North,Technology,3,128.36,60.93
ORD-003092,2025-06-20,North,Technology,1,143.71,112.14
ORD-003093,2025-06-20,North,Office,5,18.66,14.05
ORD-003094,2025-06-20,North,Office,1,19.73,15.13
ORD-003095,2025-06-20,East,Technology,2,120.03,93.46
ORD-003096,2025-06-20,South,Office,2,17.73,11.46
ORD-003097,2025-06-20,West,Office,3,18.21,13.88
ORD-003098,2025-06-20,South,Office,1,16.13,10.32
ORD-003099,2025-06-20,East,Technology,5,107.01,69.03
ORD-003100,2025-06-20,North,Office,3,16.34,13.09
ORD-003101,2025-06-20,North,Office,4,16.47,8.31
ORD-003102,2025-06-20,North,Home,4,46.1,21.66
ORD-003103,2025-06-20,East,Office,4,16.7,13.92
ORD-003104,2025-06-20,West,Home,1,39.67,23.45
ORD-003105,2025-06-20,East,Technology,2,102.08,58.45
ORD-003106,2025-06-20,West,Office,4,15.06,9.8
ORD-003107,2025-06-20,East,Technology,4,137.41,114.68
ORD-003108,2025-06-20,South,Home,3,52.77,28.57
ORD-003109,2025-06-20,South,Home,5,42.5,28.5
ORD-003110,2025-06-20,North,Home,5,44.81,33.24
ORD-003111,2025-06-20,South,Technology,2,131.27,85.33
ORD-003112,2025-06-20,North,Office,5,21.51,16.98
ORD-003113,2025-06-20,South,Home,3,46.4,37.13
ORD-003114,2025-06-20,East,Home,2,36.19,22.13
ORD-003115,2025-06-21,East,Office,5,15.15,8.93
ORD-003116,2025-06-21,East,Home,4,36.25,19.9
ORD-003117,2025-06-21,West,Office,5,16.81,13.35
ORD-003118,2025-06-21,East,Office,2,15.48,11.25
ORD-003119,2025-06-21,East,Office,5,20.38,14.12
ORD-003120,2025-06-21,North,Technology,3,141.91,87.42
ORD-003121,2025-06-21,East,Home,1,36.64,23.5
ORD-003122,2025-06-21,South,Home,2,45.14,31.38
ORD-003123,2025-06-21,East,Home,2,41.87,30.51
ORD-003124,2025-06-21,East,Home,4,45.3,21.42
ORD-003125,2025-06-21,West,Office,1,21.36,13.19
ORD-003126,2025-06-21,West,Home,1,36.73,23.32
ORD-003127,2025-06-21,East,Technology,3,120.9,64.1
ORD-003128,2025-06-21,South,Technology,5,101.14,64.13
ORD-003129,2025-06-21,South,Office,3,16.6,13.6
ORD-003130,2025-06-21,East,Office,5,15.64,10.99
ORD-003131,2025-06-21,South,Office,4,15.63,7.84
ORD-003132,2025-06-21,South,Office,1,21.31,10.15
ORD-003133,2025-06-21,South,Home,1,41.41,23.4
ORD-003134,2025-06-21,West,Office,1,19.07,12.08
ORD-003135,2025-06-21,North,Office,4,16.8,8.5
ORD-003136,2025-06-21,North,Home,1,48.71,27.61
ORD-003137,2025-06-21,West,Technology,4,117.81,73.18
ORD-003138,2025-06-21,North,Technology,4,137.81,108.24
ORD-003139,2025-06-21,North,Home,2,38.68,29.58
ORD-003140,2025-06-22,South,Technology,4,104.29,64.29
ORD-003141,2025-06-22,North,Office,2,17.08,8.97
ORD-003142,2025-06-22,East,Office,1,15.52,12.07
ORD-003143,2025-06-22,North,Home,2,53.05,40.19
ORD-003144,2025-06-22,South,Technology,5,120.43,99.57
ORD-003145,2025-06-22,North,Technology,3,101.07,50.35
ORD-003146,2025-06-22,West,Office,4,14.96,11.73
ORD-003147,2025-06-22,East,Technology,4,99.56,50.07
ORD-003148,2025-06-22,West,Technology,4,97.68,77.08
ORD-003149,2025-06-22,North,Home,3,45.72,24.94
ORD-003150,2025-06-22,South,Office,5,19.84,11.48
ORD-003151,2025-06-22,West,Home,4,40.82,22.96
ORD-003152,2025-06-22,West,Home,4,36.46,20.14
ORD-003153,2025-06-22,North,Office,2,18.31,15.27
ORD-003154,2025-06-22,West,Technology,1,113.63,85.21
ORD-003155,2025-06-22,East,Office,3,16.01,12.96
ORD-003156,2025-06-22,East,Home,3,36.1,22.37
ORD-003157,2025-06-22,North,Technology,4,109.91,81.74
ORD-003158,2025-06-22,South,Technology,2,116.75,90.64
ORD-003159,2025-06-22,South,Home,4,43.18,20.1
ORD-003160,2025-06-22,West,Office,1,14.99,6.89
ORD-003161,2025-06-22,East,Technology,4,137.14,108.1
ORD-003162,2025-06-22,West,Technology,4,125.94,62.92
ORD-003163,2025-06-22,North,Technology,4,109.44,91.04
ORD-003164,2025-06-22,West,Office,2,20.67,15.39
ORD-003165,2025-06-23,East,Technology,3,104.17,62.01
ORD-003166,2025-06-23,West,Technology,5,96.77,64.19
ORD-003167,2025-06-23,West,Office,4,18.14,11.58
ORD-003168,2025-06-23,South,Office,5,18.81,10.73
ORD-003169,2025-06-23,West,Home,5,36.07,20.65
ORD-003170,2025-06-23,West,Technology,5,109.02,74.54
ORD-003171,2025-06-23,East,Home,4,40.78,34.44
ORD-003172,2025-06-23,West,Office,2,17.5,11.86
ORD-003173,2025-06-23,West,Home,5,36.99,16.88
ORD-003174,2025-06-23,East,Technology,4,139.13,66.83
ORD-003175,2025-06-23,North,Home,3,49.88,33.97
ORD-003176,2025-06-23,East,Office,1,14.76,10.94
ORD-003177,2025-06-23,East,Home,3,40.35,20.81
ORD-003178,2025-06-23,North,Office,5,20.09,15.81
ORD-003179,2025-06-23,East,Office,4,17.48,10.41
ORD-003180,2025-06-23,South,Technology,3,129.4,76.2
ORD-003181,2025-06-23,West,Office,2,19.1,15.17
ORD-003182,2025-06-24,North,Home,3,48.66,25.87
ORD-003183,2025-06-24,South,Home,5,48.95,38.65
ORD-003184,2025-06-24,East,Office,3,18.32,9.63
ORD-003185,2025-06-24,East,Office,4,17.51,13.02
ORD-003186,2025-06-24,North,Office,3,17.58,13.77
ORD-003187,2025-06-24,South,Home,1,41.81,32.29
ORD-003188,2025-06-24,North,Technology,2,99.26,53.36
ORD-003189,2025-06-24,North,Home,2,46.0,34.75
ORD-003190,2025-06-24,South,Office,2,16.8,13.38
ORD-003191,2025-06-24,South,Home,3,49.97,24.74
ORD-003192,2025-06-24,South,Home,3,39.77,21.66
ORD-003193,2025-06-24,South,Home,4,48.07,26.9
ORD-003194,2025-06-24,West,Office,3,17.14,12.61
ORD-003195,2025-06-24,East,Technology,5,136.74,75.89
ORD-003196,2025-06-24,North,Home,1,53.88,26.43
ORD-003197,2025-06-24,North,Office,4,17.23,7.78
ORD-003198,2025-06-24,West,Home,3,37.42,20.3
ORD-003199,2025-06-24,South,Technology,3,137.16,80.21
ORD-003200,2025-06-24,South,Home,2,38.64,21.09
ORD-003201,2025-06-24,South,Technology,4,112.58,81.01
ORD-003202,2025-06-24,East,Office,2,20.32,10.84
ORD-003203,2025-06-24,South,Technology,2,111.37,80.31
ORD-003204,2025-06-24,East,Technology,2,120.67,61.13
ORD-003205,2025-06-24,West,Home,1,45.2,33.17
ORD-003206,2025-06-24,West,Technology,5,139.78,103.6
ORD-003207,2025-06-25,North,Home,2,46.62,31.85
ORD-003208,2025-06-25,West,Home,2,42.29,33.14
ORD-003209,2025-06-25,West,Office,5,18.2,12.29
ORD-003210,2025-06-25,East,Office,3,15.93,9.3
ORD-003211,2025-06-25,North,Office,2,15.45,11.72
ORD-003212,2025-06-25,East,Technology,2,116.03,70.21
ORD-003213,2025-06-25,North,Home,5,47.8,38.51
ORD-003214,2025-06-25,North,Technology,4,117.9,73.88
ORD-003215,2025-06-25,North,Home,3,44.55,20.14
ORD-003216,2025-06-25,West,Technology,2,106.35,88.07
ORD-003217,2025-06-25,North,Home,5,42.56,26.84
ORD-003218,2025-06-25,South,Office,5,20.65,16.27
ORD-003219,2025-06-25,South,Office,2,15.83,10.9
ORD-003220,2025-06-25,North,Home,2,47.81,35.79
ORD-003221,2025-06-25,East,Home,1,40.73,32.11
ORD-003222,2025-06-26,West,Home,5,50.76,30.76
ORD-003223,2025-06-26,South,Office,5,15.88,7.9
ORD-003224,2025-06-26,East,Office,3,17.47,8.42
ORD-003225,2025-06-26,West,Office,1,19.09,9.01
ORD-003226,2025-06-26,North,Office,2,15.09,11.88
ORD-003227,2025-06-26,South,Technology,3,110.86,75.49
ORD-003228,2025-06-26,East,Technology,1,143.2,95.82
ORD-003229,2025-06-26,North,Office,3,16.62,7.83
ORD-003230,2025-06-26,South,Home,4,44.17,32.25
ORD-003231,2025-06-26,East,Home,5,51.44,42.99
ORD-003232,2025-06-26,East,Office,5,15.25,12.4
ORD-003233,2025-06-26,South,Home,5,50.56,37.18
ORD-003234,2025-06-26,West,Office,3,18.57,15.73
ORD-003235,2025-06-26,West,Office,1,17.37,9.82
ORD-003236,2025-06-26,North,Technology,2,103.33,77.88
ORD-003237,2025-06-26,South,Home,4,38.06,25.76
ORD-003238,2025-06-26,South,Office,4,19.22,16.03
ORD-003239,2025-06-26,West,Home,2,41.4,25.74
ORD-003240,2025-06-26,West,Office,1,17.81,9.07
ORD-003241,2025-06-26,South,Home,3,37.23,27.99
ORD-003242,2025-06-26,North,Office,2,14.49,8.71
ORD-003243,2025-06-26,North,Home,5,42.15,22.78
ORD-003244,2025-06-26,South,Office,1,14.58,8.58
ORD-003245,2025-06-26,West,Technology,4,141.53,93.7
ORD-003246,2025-06-26,East,Home,4,46.4,32.73
ORD-003247,2025-06-26,East,Office,4,18.95,14.39
ORD-003248,2025-06-26,West,Home,4,39.39,27.58
ORD-003249,2025-06-27,North,Home,2,49.27,28.88
ORD-003250,2025-06-27,West,Office,2,15.6,11.79
ORD-003251,2025-06-27,West,Technology,5,129.73,93.36
ORD-003252,2025-06-27,North,Technology,4,128.33,84.36
ORD-003253,2025-06-27,East,Technology,3,136.45,86.86
ORD-003254,2025-06-27,East,Technology,5,140.8,90.74
ORD-003255,2025-06-27,North,Technology,2,126.9,59.5
ORD-003256,2025-06-27,East,Home,4,44.16,25.62
ORD-003257,2025-06-27,South,Home,1,47.79,26.97
ORD-003258,2025-06-27,North,Technology,1,118.56,65.05
ORD-003259,2025-06-27,East,Office,5,15.31,10.44
ORD-003260,2025-06-27,West,Home,2,43.94,34.91
ORD-003261,2025-06-27,North,Technology,1,140.31,64.03
ORD-003262,2025-06-27,West,Office,5,20.98,14.77
ORD-003263,2025-06-27,North,Office,3,17.66,13.38
ORD-003264,2025-06-27,East,Office,1,18.09,8.56
ORD-003265,2025-06-27,East,Technology,2,108.07,87.21
ORD-003266,2025-06-27,West,Office,2,16.12,8.69
ORD-003267,2025-06-27,North,Office,4,18.84,15.65
ORD-003268,2025-06-27,East,Office,5,21.57,16.65
ORD-003269,2025-06-27,West,Technology,5,123.83,94.57
ORD-003270,2025-06-27,South,Office,2,15.64,7.28
ORD-003271,2025-06-27,North,Home,3,48.39,31.66
ORD-003272,2025-06-27,South,Home,4,42.78,19.92
ORD-003273,2025-06-27,East,Home,3,47.16,36.9
ORD-003274,2025-06-27,North,Office,5,18.66,10.74
ORD-003275,2025-06-28,East,Home,1,44.76,30.86
ORD-003276,2025-06-28,South,Home,1,50.37,25.97
ORD-003277,2025-06-28,West,Office,5,16.24,13.49
ORD-003278,2025-06-28,North,Office,3,15.13,9.57
ORD-003279,2025-06-28,West,Home,3,41.01,28.59
ORD-003280,2025-06-28,East,Technology,3,135.02,93.53
ORD-003281,2025-06-28,South,Home,2,51.32,28.62
ORD-003282,2025-06-28,North,Technology,5,143.3,110.04
ORD-003283,2025-06-28,North,Office,3,21.48,16.04
ORD-003284,2025-06-28,South,Office,4,19.43,14.58
ORD-003285,2025-06-28,East,Technology,4,112.75,84.47
ORD-003286,2025-06-28,East,Office,5,19.56,14.97
ORD-003287,2025-06-28,North,Home,3,38.52,31.0
ORD-003288,2025-06-28,East,Office,5,19.03,16.17
ORD-003289,2025-06-28,West,Office,2,19.61,12.39
ORD-003290,2025-06-28,West,Office,2,16.13,8.45
ORD-003291,2025-06-28,North,Office,5,15.42,10.17
ORD-003292,2025-06-29,West,Office,1,17.59,14.9
ORD-003293,2025-06-29,South,Home,3,47.88,24.0
ORD-003294,2025-06-29,West,Technology,2,132.76,85.71
ORD-003295,2025-06-29,East,Office,4,19.83,10.93
ORD-003296,2025-06-29,South,Home,4,37.97,21.58
ORD-003297,2025-06-29,North,Technology,5,111.95,60.52
ORD-003298,2025-06-29,East,Technology,2,141.16,69.39
ORD-003299,2025-06-29,East,Technology,5,99.55,54.76
ORD-003300,2025-06-29,North,Office,3,20.78,11.29
ORD-003301,2025-06-29,West,Office,3,15.81,9.02
ORD-003302,2025-06-29,North,Home,1,37.95,31.32
ORD-003303,2025-06-29,North,Technology,4,140.21,111.16
ORD-003304,2025-06-29,East,Home,1,42.52,32.82
ORD-003305,2025-06-29,East,Office,2,17.31,12.06
ORD-003306,2025-06-29,North,Technology,2,120.87,58.02
ORD-003307,2025-06-29,South,Home,3,39.15,21.31
ORD-003308,2025-06-29,East,Home,4,52.34,33.13
ORD-003309,2025-06-29,South,Technology,4,98.53,46.72
ORD-003310,2025-06-29,West,Technology,1,114.77,97.51
ORD-003311,2025-06-29,South,Home,5,46.53,26.09
ORD-003312,2025-06-29,North,Home,2,44.09,20.22
ORD-003313,2025-06-29,North,Office,4,18.82,12.06
ORD-003314,2025-06-29,South,Technology,3,112.55,59.41
ORD-003315,2025-06-30,East,Home,5,41.73,27.22
ORD-003316,2025-06-30,North,Technology,4,121.53,82.78
ORD-003317,2025-06-30,East,Office,3,20.19,9.52
ORD-003318,2025-06-30,East,Technology,4,101.82,70.44
ORD-003319,2025-06-30,West,Technology,3,121.88,79.44
ORD-003320,2025-06-30,East,Technology,1,102.73,64.26
ORD-003321,2025-06-30,South,Technology,2,122.77,99.87
ORD-003322,2025-06-30,West,Office,3,17.2,8.54
ORD-003323,2025-06-30,North,Home,2,48.61,28.2
ORD-003324,2025-06-30,North,Technology,1,116.93,97.73
ORD-003325,2025-06-30,East,Home,5,47.68,24.46
ORD-003326,2025-06-30,South,Technology,1,113.54,76.37
ORD-003327,2025-06-30,South,Technology,2,116.63,58.37
ORD-003328,2025-06-30,West,Technology,5,114.84,91.95
ORD-003329,2025-06-30,West,Home,5,48.21,36.48
ORD-003330,2025-06-30,North,Technology,1,126.17,60.46
ORD-003331,2025-06-30,North,Technology,4,120.01,68.06
ORD-003332,2025-06-30,West,Home,3,43.06,26.1
ORD-003333,2025-06-30,West,Office,1,15.23,10.56
ORD-003334,2025-06-30,South,Technology,3,103.01,63.52
ORD-003335,2025-06-30,North,Office,5,18.78,13.69
ORD-003336,2025-06-30,West,Office,2,15.14,6.92
ORD-003337,2025-06-30,West,Technology,4,116.61,60.27
ORD-003338,2025-06-30,South,Technology,2,126.31,76.14
ORD-003339,2025-06-30,North,Home,3,37.29,22.62
ORD-003340,2025-06-30,West,Office,1,19.55,16.21
ORD-000041,2025-01-03,West,Technology,5,120.99,55.49
ORD-000042,2025-01-03,East,Office,5,20.35,10.3
ORD-000043,2025-01-03,North,Home,4,37.95,21.35
ORD-000044,2025-01-03,North,Technology,4,127.65,96.69
